label,x0,y0,z0,x1,y1,z1,x2,y2,z2,x3,y3,z3,x4,y4,z4,x5,y5,z5,x6,y6,z6,x7,y7,z7,x8,y8,z8,x9,y9,z9,x10,y10,z10,x11,y11,z11,x12,y12,z12,x13,y13,z13,x14,y14,z14,x15,y15,z15,x16,y16,z16,x17,y17,z17,x18,y18,z18,x19,y19,z19,x20,y20,z20
click,0.0,0.0,0.0,0.09772254404215977,-0.1135226025528505,-0.030262744169888493,0.15352724063615925,-0.3171700474050208,-0.040247809387087295,0.1813405363970079,-0.47153167521855044,-0.05188771361551223,0.21277466149593893,-0.612486802932084,-0.061172542179355464,0.05484600343746131,-0.5335692139534798,-0.01055862333583046,0.09093500317698681,-0.6927936448902307,-0.05458242999320927,0.14890452849689512,-0.7020303811164514,-0.08816250923325865,0.2063439990870862,-0.6775882167288113,-0.10915556906670534,0.004717278247071834,-0.5587361623970737,-0.02458255926975682,0.027572954159998168,-0.768757880857063,-0.060374369143093375,0.08083698022682834,-0.8887037108509263,-0.0923320642596227,0.1371417410622915,-0.9810725768144956,-0.11594941712369763,-0.049059092289002716,-0.5323325031231042,-0.04774740766909178,-0.05216565576165732,-0.7637173068173977,-0.09014796936002735,-0.014380313809107785,-0.8984573861894386,-0.1216573004117445,0.033604634474425465,-1.0,-0.14162374991051907,-0.10195980739924658,-0.4583930010387235,-0.07410519360918331,-0.12059968946896119,-0.6293264203169435,-0.11417471536197782,-0.10314614423403207,-0.7527261687978292,-0.13803215921000975,-0.07273002495643026,-0.8571271518175322,-0.15420817438803713
click,0.0,0.0,0.0,0.12421475230455478,-0.11099490058489052,-0.03401562872419549,0.20665459004165096,-0.25503807392583405,-0.059540198115021155,0.25975384168768884,-0.36098375149622464,-0.08858863993025896,0.3089370925177661,-0.47882275119490253,-0.11574843990289072,0.1238191504207912,-0.5354055207573987,-0.05068016996336031,0.1839853133860452,-0.6886395280043911,-0.11418057281427131,0.23858396908573912,-0.6217054019072656,-0.16018053627239134,0.28495510605369234,-0.5356503767883265,-0.18836104485057648,0.06295216337255607,-0.5510617238983725,-0.0720607518627004,0.09464770829846593,-0.7778174849249908,-0.12190827959680033,0.14741799824090274,-0.8846979902644293,-0.1601378051645009,0.19731317985065477,-0.9756496272982595,-0.19038339627222517,-0.00040882817906301195,-0.5050655863157357,-0.10124466252382355,-0.010361276256103807,-0.7439178965849536,-0.15055017180147623,0.01468491827590832,-0.8838782143076975,-0.18235484426159937,0.04927685230450391,-1.0,-0.20622461917548857,-0.06123079495291354,-0.4084427512525556,-0.13436675030131928,-0.09955517255821816,-0.5556020736796214,-0.17879701321802602,-0.09903807528237717,-0.6731257618897188,-0.19953732796654922,-0.08772815147431648,-0.7846254660785374,-0.21478459694852975
click,0.0,0.0,0.0,0.07313326729889635,-0.11412595362993046,-0.03655733985526542,0.10438155344515723,-0.27263837692521653,-0.07035276826244516,0.12863984032636994,-0.41372140500542404,-0.10677352916259772,0.1698009923304056,-0.5450753479620402,-0.1419621923211742,0.017852056680100287,-0.5046594148568585,-0.03601812564110902,0.055209683293946245,-0.6351806976155818,-0.09856705202109656,0.10535393149171006,-0.63568387010056,-0.13840501268466138,0.1499002253709646,-0.5884630018495289,-0.15726388490922363,-0.04596520435211259,-0.52204611613043,-0.05518983633173186,-0.03977774851659943,-0.7278221871772554,-0.0988985931500356,-0.00847068333664019,-0.8601496632269382,-0.12059698680545922,0.025574184316846885,-0.9747086309610132,-0.13223652955762363,-0.10840984233101733,-0.47625322760636457,-0.08589745910825662,-0.14051337625143942,-0.6987784998101874,-0.13843708661516743,-0.13570727048733808,-0.8648367564206255,-0.16770444660064293,-0.11932725641972713,-1.0,-0.18321196206051274,-0.1610403495393204,-0.3794341487020571,-0.119513221634458,-0.2227548270035501,-0.535605249934526,-0.17180484033460972,-0.25613952140519364,-0.6572806731371517,-0.19780518334064479,-0.27552667768153244,-0.7696050108826772,-0.2116099570366593
click,0.0,0.0,0.0,0.08956935565534373,-0.14845873600398207,-0.0200658380385771,0.1537882480110084,-0.32078844046615285,-0.04060851452605063,0.21503646100915588,-0.4344604029907542,-0.06676002665075739,0.273403659024863,-0.5326570649813335,-0.09186150069912483,0.06804886074978879,-0.5285989846701347,-0.03837891726929725,0.13625399742787977,-0.6804214735011078,-0.09901398969532071,0.19956227066768745,-0.6393668140849998,-0.14195053977457214,0.2523987506023611,-0.5720897983818486,-0.16695393729031385,0.022639177167074642,-0.5375104349936872,-0.06337763320099794,0.05677315742484698,-0.7507929223787978,-0.11002638963186995,0.1176452110636043,-0.8740944338928986,-0.14330086044716075,0.1693087399125129,-0.9716228252715613,-0.16761824059648686,-0.027749654713789422,-0.4893005192631796,-0.09536930917314622,-0.04135356243484557,-0.7305537202911656,-0.14127885695318887,-0.01878622125654336,-0.879310902175775,-0.17347491447657523,0.010583335004064285,-1.0,-0.19590085304152335,-0.07461767417402816,-0.39329694470437826,-0.1296123005438807,-0.13316243769289188,-0.5425804884703564,-0.1721244142140147,-0.16423137222607778,-0.6644641534824226,-0.19376918538014593,-0.18386999279485033,-0.7734108099710181,-0.20811997514174121
click,0.0,0.0,0.0,-0.05302234970602436,-0.1748887223294571,-0.030084111972340254,-0.06744964547538072,-0.36863655783446536,-0.06599413181966503,-0.08883784832603979,-0.5257576511466667,-0.10595889500351066,-0.09095909051296096,-0.661014439265099,-0.14715452073780677,0.1071363814105034,-0.5022884665814833,-0.04433510433857879,0.07785544432871894,-0.672461569796376,-0.10731147871190772,0.007361236643439902,-0.7088317133027031,-0.161785122000759,-0.04816191159492702,-0.7097127944516914,-0.19230042093080973,0.1621519707204478,-0.46994357895419914,-0.062030218754983456,0.2238601958558224,-0.6990784902144795,-0.1105339610499748,0.23940410148369237,-0.8621905792275153,-0.1464049785646652,0.2394523744825367,-1.0,-0.16886161719507314,0.19389334694209842,-0.38837803812003974,-0.08567025684514931,0.28561976051250887,-0.5819528624058293,-0.12323035326650769,0.32951149011130587,-0.7271791129064886,-0.15169987366536136,0.3564756200088019,-0.855149151201419,-0.16900104504726796,0.2035440888278574,-0.2828032090860863,-0.1119572602502752,0.2918486590047789,-0.4108723653007749,-0.1372790942562486,0.3449498480142437,-0.530648952322599,-0.14733073449460246,0.38318799830371847,-0.6466574756723376,-0.15273389762241976
click,0.0,0.0,0.0,-0.05327039429487392,-0.1346762502628159,-0.03148141108504271,-0.07948140350618772,-0.3081489501129385,-0.05735094319908561,-0.0709958035380325,-0.4511406166349359,-0.08806649971734963,-0.02388420072664323,-0.5287310608152931,-0.11378179736523716,-0.008110774952254745,-0.5124022802688079,-0.005684282121914792,-0.007348762270806559,-0.6744673232373448,-0.06617211567453173,-0.013239871702000172,-0.6149172289918688,-0.1162991857388403,-0.009804457953927122,-0.5288893202664511,-0.14334124338526186,0.050821975916155636,-0.5216512957722719,-0.01600701511884377,0.07175921907334137,-0.7551166025825488,-0.051221671925552076,0.0921431240608551,-0.8862331111738888,-0.08331555976142378,0.11121983228531382,-1.0,-0.10814345370426906,0.10480729960977866,-0.47826076282633667,-0.03712445923835219,0.14160170138116224,-0.6819753094213385,-0.06827305372783701,0.16731303158297503,-0.8014301569039436,-0.09183799012331975,0.18867902195133116,-0.9058334346018464,-0.10843597065381244,0.1530930911025572,-0.3924617823153086,-0.06284379009108919,0.20296743923582342,-0.5303911630026754,-0.07737709853253433,0.23466185347507068,-0.6135700508937845,-0.08400781882258838,0.26365980723735816,-0.6878800966776738,-0.09078968017643706
click,0.0,0.0,0.0,-0.009107836959642283,-0.06940684072236915,-0.08661191876787849,0.00783531395698128,-0.1980748512390979,-0.11510223525673188,0.06342319630891727,-0.3188115845638759,-0.12736044420649045,0.117965079399686,-0.4096383452924709,-0.12883335359585746,-0.035141399932716304,-0.49925613761700305,-0.06353898468902307,0.044365066200532266,-0.57953864327936,-0.10897119468149795,0.08273116754132806,-0.511547681164172,-0.14244099292595158,0.10282216509977925,-0.4441162520514772,-0.15801157495854465,0.021827511220017224,-0.5194153195792484,-0.03559176802478845,0.060458774131123404,-0.7468719247308158,-0.060186258644992524,0.0967563626886693,-0.8771610404923184,-0.07781717238460867,0.12757091504185408,-1.0,-0.08804010318682469,0.07327356984370494,-0.4921854149435549,-0.01839480908286898,0.10104760285733057,-0.6628923091738453,-0.051070898251906915,0.13104225879946035,-0.7705034605899828,-0.07149053832327494,0.15325943126041944,-0.8908058340091095,-0.08065541132624529,0.11462597971412973,-0.42972984792057983,-0.0081185697566218,0.128109150940446,-0.5417170070296016,-0.03263809173007711,0.12721248394141546,-0.5680826533026357,-0.03385901607994408,0.12837136627108628,-0.6099243073148523,-0.029825900703809655
click,0.0,0.0,0.0,0.07379343976158721,-0.06208919418629298,-0.09693911737842945,0.15548968129825416,-0.1597223760108432,-0.13331354097240097,0.24643101680215382,-0.23912994156735437,-0.1498118825410208,0.310829857459416,-0.33449930467456646,-0.15298160160423643,0.06616343514717533,-0.5034157042763079,-0.08937706913093427,0.19423555555756422,-0.5492317975913764,-0.13925404262812066,0.2661347815024001,-0.4620769011399541,-0.17325711724555606,0.31049893949877816,-0.36930697499314163,-0.1873339207642598,0.06488821236960671,-0.5400952620701219,-0.046060099597351425,0.13800878862423185,-0.7709905800012926,-0.096238843089833,0.20651052388715163,-0.8962109848311943,-0.13051568656093734,0.2600499043447332,-0.9954979881435376,-0.14903147747610493,0.0800434595344099,-0.5327231402586873,-0.009842115045688316,0.13266872545062827,-0.7619960472432618,-0.05210545653182723,0.18987486853897595,-0.8926579780740864,-0.07762056116056593,0.2387941425441996,-1.0,-0.08650236623171871,0.11084431986687354,-0.5024887543483262,0.019644110330368173,0.1443447693313803,-0.6951611044398235,-0.004870509242782909,0.1743313057339378,-0.8328662277024703,-0.016368264405975358,0.20519354090804937,-0.9483544266039601,-0.018668867635250164
click,0.0,0.0,0.0,0.16188494349909077,0.024685298774940797,-0.03709096989717871,0.317731632207886,-0.06194455985544034,-0.053236244467951596,0.4365394048833224,-0.11166217876288549,-0.06963393601181146,0.5330308349476289,-0.15793796541003802,-0.08339923781617178,0.2966320475263319,-0.3949751764852589,-0.038017508085200144,0.4192017999367814,-0.41182775202984884,-0.09481525155231256,0.48707114130157647,-0.31143337130157284,-0.1382697873101449,0.5369191791104786,-0.197926511002256,-0.16713788639461874,0.2682733176806394,-0.4899339635406138,-0.055690601231169666,0.3902702717313418,-0.664081350622094,-0.10059075825885376,0.49769271861760744,-0.7215333977648103,-0.13952939010999804,0.5886672576148603,-0.7510543320777113,-0.1703077310495412,0.21242442500156852,-0.5262417748115202,-0.08247475285517608,0.29755527196187503,-0.7717815809317897,-0.13088022324454954,0.38570919683008775,-0.8794888285996747,-0.17052069487547558,0.46714823763727314,-0.9510548102976768,-0.19946844097539684,0.1352205937735033,-0.4964425372708787,-0.11312285032721697,0.1509739911235097,-0.7223330647157926,-0.16256472604314995,0.19100822751460403,-0.8755814076186367,-0.19340530055374508,0.24377400488792786,-1.0,-0.21582112071476073
click,0.0,0.0,0.0,0.15555146697083955,0.13597267430393514,-0.09281721809807165,0.3087788592121453,0.14613195398880396,-0.15062715322536616,0.43927639174013877,0.1283518788864743,-0.1970325897519064,0.55870209621961,0.09865450687438755,-0.2465924324593776,0.34429233573647133,-0.26181337562310103,-0.16478766215695737,0.5032881941708209,-0.34487367905693345,-0.2556694429930856,0.6083225998709165,-0.3964189340503123,-0.3159554576737018,0.7025460752332237,-0.43719970977726785,-0.36501932760001676,0.3102430697005004,-0.404761576148666,-0.17418775250651727,0.4766210496369025,-0.5254576358066823,-0.28433090417163975,0.6092522891251215,-0.6071601729404552,-0.3610958445354392,0.7371951611340176,-0.649213381529659,-0.42038696408491427,0.23309941582954563,-0.5067877184554559,-0.1906319140891661,0.36351157781823323,-0.6045648491831661,-0.3089747186920666,0.46233140895300623,-0.5212276201928892,-0.37460253237667096,0.5433598861310606,-0.42665368411164106,-0.4165655843337525,0.13238855861138307,-0.5730695387378932,-0.21036595796064475,0.18519144297062468,-0.7966318669486974,-0.32924380321862107,0.24371337433196905,-0.9144506314897007,-0.3973886008544545,0.3133138491123764,-1.0,-0.4434094803884241
click,0.0,0.0,0.0,0.16093569876941055,0.21021081699085942,-0.12323206521492926,0.36199302603845324,0.2495281782670673,-0.17478196457557577,0.5469794090000734,0.2333954408634373,-0.21840778796516497,0.7098610890285857,0.19241057739223016,-0.2592051987068375,0.5069885212032574,-0.13393954365798452,-0.058305749152994156,0.6463467178729103,-0.13559264569192067,-0.1270751423762328,0.7166145822866444,-0.032096318484898904,-0.1776755425093158,0.738858912097908,0.07524102383504634,-0.20506526404802405,0.5031123259500153,-0.3444102926700583,-0.04459409009448854,0.7274311083307256,-0.463073270525846,-0.07818872597069436,0.8733032816554389,-0.5025207800931809,-0.10167587854345403,1.0,-0.5141298618372901,-0.11619590044081286,0.44711903132121616,-0.5094964733048584,-0.05329685135727147,0.6484123207231214,-0.6807619635603924,-0.10391657322545175,0.7767294217483172,-0.7480745139068417,-0.13408140175257185,0.8913038475453126,-0.7859522236377824,-0.15172041423145066,0.34516990116613505,-0.6402410040120398,-0.07478233027586859,0.4712182477018186,-0.8242212896447029,-0.13250484614441316,0.5598703784995752,-0.9192785756272079,-0.15457649934077727,0.6463391532313392,-0.990129008582177,-0.1650271200264537
click,0.0,0.0,0.0,0.12396964054002842,-0.08150171013215952,-0.03837629121206586,0.205746910049521,-0.22444068125918507,-0.05809156712709818,0.25936661654685134,-0.3674603925142066,-0.08054052697394272,0.29743828214069384,-0.5062391963205001,-0.10024400387353585,0.15993034435488815,-0.5151081888419018,-0.017634182358436227,0.22679102169776685,-0.6784038672763543,-0.07366880528387489,0.2677117357123664,-0.6395000158785012,-0.11789638563114181,0.2975701147154332,-0.5615569649727294,-0.1426453734792252,0.09384270393415356,-0.5680225031759932,-0.029932024795306877,0.14993591179100002,-0.7836920995726163,-0.06831884897611977,0.2059059880230399,-0.8858271310501338,-0.10276738921452697,0.26320780762896945,-0.9647090056648164,-0.12825962714689534,0.020746931728655514,-0.5623669443119282,-0.0527592177921027,0.04129421034690014,-0.7877173875213261,-0.09453975484520052,0.08668730051534232,-0.911123927190451,-0.12385939270756287,0.14009346753772256,-1.0,-0.143255406746736,-0.057531091101465266,-0.5111589536407528,-0.08000853859067765,-0.06071798246708785,-0.6798100814069079,-0.11445089734613595,-0.03433629212504853,-0.7879786503883319,-0.13076844498837772,0.0059647208998926705,-0.8728906055638502,-0.14198158181734846
click,0.0,0.0,0.0,0.13773002431992748,-0.09298614088703105,-0.02334113241718194,0.2364900838357041,-0.22419829937027844,-0.0530168040516109,0.32880438032016207,-0.28614820407784425,-0.08795556008532739,0.41880234749082235,-0.35115233521982175,-0.12345697423985545,0.1847702361897148,-0.5360741794800399,-0.05156022328621933,0.30653294123073294,-0.6041859913573435,-0.12783273548319538,0.37670021689207156,-0.5162160846340309,-0.18799966166301935,0.43154924087774954,-0.4078130400592652,-0.22522275272523246,0.15423252720546324,-0.542639449530314,-0.08198702438297915,0.2549303229237666,-0.7595893172255809,-0.14582662937918398,0.3602884653163441,-0.8501357781949728,-0.20127442516866484,0.4532354585795363,-0.9171754434215763,-0.24201525053154196,0.10732086189686324,-0.4826020841910222,-0.11771963194783752,0.15894590111566456,-0.7328486430437092,-0.17689515345112905,0.2416202019960448,-0.8846894639651105,-0.22280118748080607,0.31963671859207493,-1.0,-0.25515744594736944,0.05914472833826736,-0.3766559444883847,-0.15516882722928188,0.07466640530289442,-0.5650767321898241,-0.20492002984428623,0.11955442316901581,-0.7027230517722343,-0.22991589443165888,0.16452586106266295,-0.8120877043434787,-0.24796113399518707
click,0.0,0.0,0.0,0.10669280418673152,-0.16971108080363376,-0.016534854657085055,0.17124638326133548,-0.3475574428070851,-0.03919280630163375,0.22940082286132485,-0.4571276117020463,-0.0670186197883486,0.28335337179562,-0.5678216621346716,-0.0942929138137238,0.06713652890706905,-0.5446132550798988,-0.050643086234454154,0.13912978288997524,-0.686902834420275,-0.12376806741947306,0.2084941516949753,-0.6441041472651128,-0.17777740228054226,0.2715765819173345,-0.5807805930131317,-0.2119155231907499,0.01447884036780621,-0.5449319284944011,-0.0838866765732037,0.04216511550035867,-0.7636508107076995,-0.149167792606276,0.1139134702794418,-0.871307916165218,-0.19701939211592226,0.17899917842466997,-0.9572095938721178,-0.23008114997147522,-0.03918740422626611,-0.4816950814692335,-0.12253589927214248,-0.06028987297586119,-0.72317032407167,-0.18835596404536362,-0.029567066919565992,-0.8662197120209438,-0.23328985319475307,0.010699744856678312,-1.0,-0.26298162264277,-0.08406633414607556,-0.36867484176174664,-0.16151918835393925,-0.14079789841166973,-0.48319423967845454,-0.21872788592663375,-0.16885143710408773,-0.5943261128945629,-0.24651959802122997,-0.18449931496419625,-0.709812345102167,-0.2650897773405432
click,0.0,0.0,0.0,0.12186817652452664,-0.07369570608106044,-0.03257818678815387,0.2230564281420592,-0.20602348956053482,-0.053844285828231885,0.3019506395674015,-0.3125252676643689,-0.07472209554426595,0.3721021587148637,-0.40384087795907064,-0.09369300568835073,0.17611248480723887,-0.47120234040082837,-0.05228370603001298,0.27200433646992755,-0.5572487682566413,-0.10538473793167549,0.33217402260573503,-0.49839340269927,-0.1422162283001323,0.37883449370274325,-0.42824803463000743,-0.1656715759751534,0.13476694730592423,-0.520630756484523,-0.07038678145654402,0.2173221759475314,-0.6909747360343187,-0.11540852290477638,0.3024619027142256,-0.7612630664178147,-0.1503237916015615,0.3791001559559644,-0.8179532926520586,-0.17722891922075493,0.07831520601207187,-0.5186316560696588,-0.09494995640671626,0.12531953444137436,-0.7613949326694136,-0.14527111304420404,0.18960071381453367,-0.8979677239659837,-0.18354937318801545,0.2544111673347354,-1.0,-0.21027846137148062,0.011396420185056594,-0.4599964830305824,-0.12140992486816839,-0.0026081576644364115,-0.6662707194847824,-0.17190403535150323,0.005770977749660605,-0.818660948066889,-0.20053696264398996,0.025380434135862762,-0.9536992262667281,-0.21993844826204548
click,0.0,0.0,0.0,0.14485020349723118,-0.010695974176345399,-0.010162796100678783,0.246784298999672,-0.10894392189426028,-0.01689639578551456,0.32901345411596084,-0.19079766972548468,-0.032240514707952125,0.40555530005038787,-0.27244562077900547,-0.045011662196822066,0.2171766521736274,-0.42036033641101944,0.025760417808696846,0.31517240786778467,-0.4909177009993172,-0.01801978427090183,0.3849901776513392,-0.4383481472983361,-0.05345922634532526,0.434619950663356,-0.36120993545602537,-0.07183766953717668,0.1938645066765185,-0.5029128431441422,0.003744777086179334,0.2938489910550168,-0.6804586559226463,-0.024540897013876715,0.3870839273828482,-0.7275093990804846,-0.0457610837724309,0.4712030570322912,-0.7500867004843199,-0.05886726697502701,0.15605450380082186,-0.5534200826724874,-0.028530499652239923,0.22974319372137886,-0.7783840606554667,-0.06004332076116717,0.31572904974146526,-0.8700916937853113,-0.07881630043267063,0.39401046470549883,-0.9217562874908207,-0.08840714035340451,0.10696924318639316,-0.5594881563246878,-0.06397760477588224,0.1382857310359432,-0.7822185923641916,-0.0918767074978883,0.18911884915530833,-0.9097260709442949,-0.10229264239494695,0.2390351810400116,-1.0,-0.10682880112127109
click,0.0,0.0,0.0,0.2374791377475789,0.14091356410990424,0.11138559846168293,0.3863411525145428,0.10537757301113193,0.14582192605710917,0.512650437769724,0.12466428652447027,0.14719668772781777,0.644185305412573,0.16935925203761418,0.15223937095105602,0.4221651372182583,-0.4758164229811551,0.14920428455837575,0.6106667818929152,-0.2907312725838946,0.1315170509065499,0.6691811194590127,-0.0818029307076152,0.10937234384228063,0.6886802093516903,0.11562262683439288,0.09530970712363612,0.43948969175178104,-0.5184550320563024,0.056068806171399206,0.6996807872833432,-0.6113601918517039,0.03140124852676776,0.8780060817854307,-0.5608104006092588,-0.005154571248352012,1.0,-0.48478332964249254,-0.033514627309747795,0.4348187077016144,-0.5027568960209136,-0.03818881834046459,0.690416380851558,-0.725361153270715,-0.0608707452834222,0.8602006016970666,-0.7489289900239274,-0.08803194635502631,0.993009727615951,-0.7473405961878116,-0.11098067382514401,0.42850078047779283,-0.4079913364264379,-0.1255810300362889,0.6304043901200693,-0.6229489637739477,-0.1418611081380805,0.7641688856721561,-0.6798995371145546,-0.14724980768383703,0.8717966112680469,-0.6956972718385248,-0.1545998290186971
click,0.0,0.0,0.0,0.12074716778750072,-0.14292875379264933,-0.036527310658028986,0.2034046522638659,-0.3018409233147305,-0.07736740699339557,0.25780012544043646,-0.39641987555591063,-0.11523401236722687,0.3257561306798907,-0.47400191382139334,-0.1536437778211428,0.09722835536101022,-0.5138359379685363,-0.11930774470315245,0.1819218632570609,-0.6616558194032333,-0.1938693449336099,0.25441299669890916,-0.5981817399142566,-0.25145696522517175,0.3202850793864646,-0.5063969601371461,-0.29152774874608745,0.02870935195859213,-0.5136223947230389,-0.1488482368749166,0.05949258401262371,-0.7352445707687675,-0.2227129865381981,0.12215412722111069,-0.8708030642129899,-0.2851334120596456,0.17452965619198965,-0.9869089245674424,-0.3337495925896131,-0.03249558371693542,-0.4338154445871639,-0.17851533170002185,-0.07708792684036618,-0.6608547360365707,-0.2507761092445476,-0.0766471307037556,-0.8409012551772953,-0.3079856705432223,-0.07623440266876588,-1.0,-0.35188604328197,-0.08348378682076533,-0.3077902324924581,-0.2082194651356077,-0.16440465976749907,-0.39241857725811263,-0.26557843618326216,-0.22655821265036957,-0.4736228392992013,-0.28917961932003694,-0.27792027158413035,-0.5522242997318946,-0.3098341313421268
click,0.0,0.0,0.0,0.1552896261548335,0.03919541275698551,-0.03457560458341031,0.30408908149883396,0.015973077783707094,-0.07142251352898712,0.4166511145845941,0.03382259865918081,-0.11566818517883487,0.520345912578227,0.07340872285445196,-0.1570294626527826,0.3651185095244998,-0.32721923410010306,-0.047645821247882476,0.4999120057213344,-0.290677610014232,-0.13352264756126966,0.5395577825477231,-0.13622090477264037,-0.19405043507310213,0.5445406829393076,0.022964047057859996,-0.22700292964110075,0.33185715969182195,-0.42825439338747484,-0.08006720353407355,0.4830225997050962,-0.5528446305563202,-0.1391818031521283,0.6077802719707931,-0.592164932699999,-0.18220550993205756,0.7145948227986684,-0.6247917309930474,-0.21250734027953147,0.2567239173856264,-0.48425855258519035,-0.12347475793264186,0.3730499162669401,-0.7180638493222402,-0.18392944216436405,0.4772119193402472,-0.8351538096115811,-0.22171587174033355,0.5727893503832903,-0.9168559766108504,-0.2463702908856904,0.1522668420849933,-0.48777584189872286,-0.17097139272208292,0.19276450812040277,-0.7099012332361593,-0.22851170688758404,0.24340391917786441,-0.8665214764761888,-0.25256184399335097,0.2988041065651266,-1.0,-0.2659843950899733
click,0.0,0.0,0.0,0.12725325717150224,0.0329648703417936,-0.029663717318104937,0.25269611425309374,-0.02100785677560358,-0.054962358878151776,0.3590473680853455,-0.052851157202700075,-0.08551079693411633,0.46075992692505024,-0.04934192858698324,-0.11336478426968867,0.29995521480657444,-0.3680182936521362,-0.018538887049495203,0.40516229850492064,-0.3513745255911063,-0.07522613151640675,0.46182377097863647,-0.23505167383554243,-0.11544557011470848,0.49489551585102454,-0.11410741761658497,-0.13874113748334113,0.2879124973970606,-0.46012575932822347,-0.041478371201533956,0.4171722728257619,-0.5927660374252823,-0.08004510920638253,0.5240186212191689,-0.6314983543704842,-0.10403644168195131,0.6207348978630063,-0.6655247202491089,-0.12150773855264463,0.2454321859660399,-0.5139197949533847,-0.07545244854588294,0.35121925119347197,-0.7474630403026578,-0.1201959047443096,0.4524787164818157,-0.8471989989464349,-0.1481435264218136,0.5425027414678556,-0.9126648224797028,-0.1668027132781796,0.18031503207971777,-0.5193156653623663,-0.11346856148108438,0.23378980557208404,-0.7512839409173089,-0.15787933666656104,0.29197141507937,-0.8902232472798219,-0.17942379548423057,0.349775696228003,-1.0,-0.1934106422927971
click,0.0,0.0,0.0,0.09509626430807061,-0.05323863200270268,-0.03670009560885457,0.1708757204332975,-0.1691986073674474,-0.05889207113165553,0.22225309559525855,-0.2756089250459739,-0.08209826747348149,0.2758165289984552,-0.34975856084430157,-0.10358127342975991,0.16454312752302935,-0.4209943350084397,-0.031276835422037914,0.2262193137670487,-0.5268756194759195,-0.0767089329998263,0.2531148143987564,-0.4702015403034059,-0.11139957414744688,0.26655302755246835,-0.3859652694206929,-0.13076676792334177,0.10744686859383544,-0.5004745203645307,-0.04202433791649198,0.1645524784932856,-0.6965430166354175,-0.06544449459489494,0.20478101455130962,-0.815307703813396,-0.0899890692426354,0.23845671338634836,-0.9177731119470437,-0.1102825779935506,0.040097415594563444,-0.5182297785785408,-0.06113391453062564,0.05962859270173322,-0.7283947383828159,-0.09245182931390966,0.07762730715020286,-0.8794551115154923,-0.12459173472429416,0.09182718993206686,-1.0,-0.14909875550310173,-0.03500492270657628,-0.4777260095375759,-0.08348496257371789,-0.06766511030938265,-0.6221560482468689,-0.11425355440241805,-0.0928302263079618,-0.7289368050258569,-0.1312935461437735,-0.11179204931685163,-0.8235310132583105,-0.1440162342249896
click,0.0,0.0,0.0,0.10727319069712463,-0.1007087975412985,-0.025263446351696178,0.18262478205620733,-0.26373031117940837,-0.03535790328378637,0.23668754986849494,-0.38907148556399423,-0.049040393808772335,0.278050843701055,-0.5104434232690092,-0.05983994739339363,0.10613064806879637,-0.5109817074972665,0.0052548570020524545,0.1622190372055912,-0.6424922426785662,-0.03043941518573383,0.2164928780401312,-0.6238848665740714,-0.06071492245914616,0.25999002630101364,-0.5703283193947811,-0.0775928637768565,0.05564821655486273,-0.5603026094151718,-0.00775228019541201,0.10364209935281775,-0.7497356600372351,-0.025939496914656076,0.154665696385827,-0.8627627884984781,-0.04608617955155433,0.20675374567806376,-0.9530938414255741,-0.06151810997946296,-0.0003133219066757292,-0.5595620437956205,-0.03078824530778235,0.0114764768462425,-0.769373503945152,-0.05482178233236937,0.041390333638700906,-0.9046195218534827,-0.08032984994666056,0.07647921037855729,-1.0,-0.09822562109829035,-0.0583620969886817,-0.5020932947191111,-0.057715761912144184,-0.08867652708413369,-0.6544185702887201,-0.08485986708664697,-0.10329220721652531,-0.7798272703094064,-0.10275090996616469,-0.10788387659209787,-0.8845759330949496,-0.11430363943512063
click,0.0,0.0,0.0,0.10036695517475124,-0.09493727403814706,-0.030890889281870577,0.15838248081029835,-0.26613742424770576,-0.043457759512394195,0.19572488819345368,-0.4213137864627246,-0.0583835454565514,0.2243045621015006,-0.5427827126240885,-0.0722689069614912,0.11420134441443618,-0.47963053670336403,0.006030501620486684,0.14837422733944514,-0.5925458784238606,-0.01212079201784825,0.18825475407837144,-0.6155436618051784,-0.027442911736366427,0.2185028289976109,-0.6117070408091985,-0.03759059789671374,0.05812169724024655,-0.5378713211261217,-0.004040454083751166,0.0977261361438001,-0.7311983559163832,-0.005756492951637582,0.1272165666033433,-0.8463043462863616,-0.011066580763505387,0.15723611912162405,-0.9547657579423513,-0.017289082430725942,-0.00442552968103939,-0.5408970382635797,-0.024099944869128705,-0.000959641319127679,-0.7561065337963869,-0.04147284872640074,0.01217515412242329,-0.8890293554418398,-0.061080279912410475,0.02594482659586893,-1.0,-0.076440964088064,-0.07420645231714493,-0.4878067918440765,-0.04804209958955714,-0.10711732358119253,-0.6523070902216994,-0.07434858840362517,-0.12509962701755561,-0.7628036080847073,-0.0902773930863415,-0.1363807245694703,-0.8619774693994547,-0.10179490299904748
click,0.0,0.0,0.0,0.12699790561552998,-0.029055234016243252,-0.03198994817171362,0.22979578571996345,-0.1872311532324099,-0.04590855840533064,0.30996712130597587,-0.3353717583616713,-0.06288510381833134,0.39572161287454066,-0.4149307742243928,-0.07739781672939403,0.21369771415768832,-0.4856039885611305,0.0013566126810470758,0.30870545249395004,-0.5821901035994412,-0.0437355199135723,0.3726338925331264,-0.5503528604784247,-0.08022273561416567,0.4248738709492789,-0.49504647674934155,-0.10131720682726103,0.17634612202404293,-0.5654741935142177,-0.011272538374936296,0.274683654837535,-0.7591059081687759,-0.04066266672886439,0.3562427905116168,-0.8392118192749775,-0.06382602021679473,0.4313007801891471,-0.8985807516551726,-0.07929463707297134,0.12228404959193372,-0.5960394423270748,-0.034560924385954137,0.19538081809439942,-0.8234793236835638,-0.07009567148295424,0.27110836278844297,-0.9282738520963472,-0.09014394629282937,0.34426201053254013,-1.0,-0.10073728779873356,0.05328596897704687,-0.5834720673521431,-0.062210080071915565,0.0944403701263102,-0.7800032881364412,-0.09435455120934996,0.1479513637087473,-0.8903527554432055,-0.10652546273791771,0.20389614794014807,-0.971121100534104,-0.11265987559593761
click,0.0,0.0,0.0,0.15215019964425347,-0.03307991435025185,-0.013871433428976456,0.2684783567722571,-0.14965879612250768,-0.027390613994548924,0.35172248247520205,-0.22649362653368202,-0.04871225064018359,0.43591363961347235,-0.27144551695111746,-0.06883940467157373,0.23810528882035437,-0.46563563648230666,-0.013157069649405892,0.3515302828310528,-0.517089586661845,-0.0705269363085576,0.4177140843722042,-0.4209030454419265,-0.11815880790835541,0.4691179000458663,-0.31385941315215704,-0.1492156750822978,0.21152821595527002,-0.5173910190755541,-0.04243427505172722,0.31560729380972785,-0.7176906691606759,-0.08664636556108286,0.42001693629076886,-0.7833375311861902,-0.13040121647841663,0.50885778221727,-0.8350116666955905,-0.1652196959530529,0.1676676630508848,-0.5151797851001604,-0.07898590947570494,0.22953426868061458,-0.775641363385478,-0.12399926938345328,0.313832157074638,-0.9049614972727507,-0.16368224211575413,0.39007287795671763,-1.0,-0.19235263906065533,0.11782427084390289,-0.45732664991382027,-0.11783341568271637,0.14706394458188005,-0.6721575937021471,-0.15721055229471087,0.19788495965344863,-0.8088483337911625,-0.1806846275697432,0.24544514724822278,-0.921671817961088,-0.19871672470185664
click,0.0,0.0,0.0,0.11481748724494126,-0.07067250898709727,-0.021935857518691454,0.20561665999069892,-0.203587137503437,-0.03986292769368526,0.27282555102193223,-0.30103238113099945,-0.06186080943528118,0.3428754234713448,-0.3836431859302282,-0.08244568573751922,0.1632204104701805,-0.4847522204664804,-0.024086632756607673,0.24567946783484787,-0.5731356334588189,-0.07755775156270277,0.3048448961943589,-0.5178163475214621,-0.11901753350678419,0.3564525491447406,-0.4402878883800821,-0.14432312875983166,0.12527066311029944,-0.5439705297040962,-0.047193572570954946,0.19684039670524017,-0.7337136973037011,-0.08821283744082449,0.2808059491359148,-0.8199266340138295,-0.12183499168580648,0.36036774964441987,-0.8802001474936267,-0.14689279732773472,0.07012211292682348,-0.5494094102291668,-0.07785315120211565,0.10894951313524945,-0.7817274660628876,-0.12036477597849901,0.17885989038966152,-0.911105440545981,-0.15168006821615895,0.2511832693175916,-1.0,-0.1728521901173501,0.007205748941745958,-0.5007940087715427,-0.11114200209904324,0.023047735573969157,-0.6970987545359807,-0.14820624006066094,0.06768115917430725,-0.8221602013737784,-0.16816139898546806,0.11745304475048288,-0.9130345052768434,-0.18224394280074968
rightClick,0.0,0.0,0.0,0.22329198905159234,-0.042123180606384945,-0.03912326836064293,0.42215567704556173,-0.28805247378369875,-0.058605568067598826,0.47623929892141903,-0.6137276768236084,-0.08240636888789804,0.413681720114944,-0.8593680246870855,-0.09812290589812897,0.4204405657179967,-0.6735591740475486,0.005861477348992844,0.49921494650596576,-0.9443763353691298,-0.05468468697869744,0.5095969672052386,-0.7896228707804462,-0.08577753852576807,0.48052862395328616,-0.6525987967733248,-0.09826896151908684,0.3109518490856703,-0.7403947675474102,-0.015720969674517582,0.4043079629229704,-1.0,-0.0803117268272433,0.37320337206624804,-0.720619365735552,-0.0936565849443639,0.33820957148510933,-0.5972101358419987,-0.08728416382237444,0.18527939146125513,-0.7808675087616456,-0.049407184561475095,0.2769832291847721,-0.9344700255729653,-0.1433885057549807,0.23307755856773607,-0.6171785867645065,-0.1281138211345856,0.1911808747396447,-0.5159262132851429,-0.09300021675978536,0.03875018633057625,-0.7998579537490292,-0.08435862272901466,0.14884647114539315,-0.8871319089009271,-0.1514213232337651,0.13169922465212974,-0.6478278639952099,-0.12674586227947027,0.09086368258047403,-0.5683944868190088,-0.09346033969639776
rightClick,0.0,0.0,0.0,0.1914217812314048,0.001158756803834065,-0.0944346441527759,0.43924848222689916,-0.08446784893606601,-0.16024945036067084,0.5161060731412641,-0.3507770277340158,-0.21995572041170502,0.4267790275098463,-0.632232656803867,-0.2584661553037832,0.5324598174015777,-0.7306713262363862,-0.08865062509201534,0.6322690323011129,-0.7361320334133047,-0.20833124274795858,0.5306786232487855,-0.47992998374168666,-0.2534957777776172,0.47762156400833,-0.45343810353058167,-0.2687960021771832,0.39332036305814067,-0.9130233374014726,-0.10152287407177578,0.47050971603774855,-0.8079083398825663,-0.2166617931366231,0.33439797401628113,-0.4603713609574557,-0.22945646342506215,0.32281204944920155,-0.5183026272641145,-0.2162759334757019,0.23736063774573593,-0.982748810866369,-0.13078559889453562,0.28230979586662597,-0.792757178326383,-0.26369116131067066,0.1917460928935974,-0.44845926212742093,-0.23408317741493598,0.1879788185041278,-0.5161409147319996,-0.18798552048999997,0.06855806104575392,-1.0,-0.16564896562430062,0.12834447771195492,-0.7890633123199098,-0.24871322162540854,0.08260634382098084,-0.5358093213964729,-0.21432281853340363,0.06222423237018248,-0.5842088926476903,-0.17047229355937868
rightClick,0.0,0.0,0.0,0.2920261093574901,-0.031199074921533523,-0.024356574238167082,0.5176123197949826,-0.3057797313164956,-0.018504443853781798,0.5866123689062912,-0.6985076859197878,-0.02454096836646368,0.45881827029971295,-0.9335086458226367,-0.02702802711809886,0.4734586862278497,-0.5292933329166313,0.09365418023152008,0.5845236872770458,-0.7031969229532862,0.06438269626636232,0.5339480804175354,-0.5761625986132752,0.027474245117046086,0.4768155557837495,-0.4718976163156696,0.0003293354213366828,0.38130298998575773,-0.6674854117090289,0.0707741424158125,0.4929332175497029,-0.8933134953411227,0.02378060557563409,0.4398281550667244,-0.6812313321219211,-0.01926512151728897,0.3858157611583125,-0.542220545492698,-0.03763428913083655,0.2681143713082806,-0.7779092869484465,0.03579815672952661,0.37561210549109075,-0.9863151338729624,-0.047343026283764696,0.31378699532549637,-0.6686114000741135,-0.06563191016230797,0.24818332805014712,-0.4873350864582264,-0.05382022538212572,0.1285747451792786,-0.8599354409525808,0.00030321141198641987,0.25919028846196773,-1.0,-0.06094314052336538,0.22582495836700434,-0.7643632718846688,-0.05161195004292284,0.17075008594478996,-0.599551189609833,-0.032125095549684575
rightClick,0.0,0.0,0.0,0.2571340568276283,-0.029305614900333354,-0.03760697780374567,0.4445971117943906,-0.33742463213219503,-0.05174013299801952,0.5003693339700679,-0.6692726005859075,-0.0746693369762607,0.4171322322666168,-0.8896631636957042,-0.08650676562289257,0.35015548331783386,-0.7064709545712236,0.031696820971843565,0.4659700753376136,-0.9355312079059346,-0.02546357264635866,0.4746043914204673,-0.7351314568281868,-0.060268915738882524,0.42725237867832894,-0.6044669396060997,-0.07663595454966902,0.2596802968821417,-0.7650148105947417,0.008332560136650765,0.4081297458367893,-0.9947920884800383,-0.07667770680081427,0.3836367596913513,-0.6935420547349685,-0.1153476876405964,0.3006928910076138,-0.5591890850291976,-0.1212236497241706,0.15834559792074518,-0.8257602415123004,-0.02771407061886178,0.33345795736671163,-1.0,-0.12745017508277598,0.28874399454121136,-0.6779887193722766,-0.11948282593952839,0.1949826201254665,-0.5733845886033824,-0.08499346651636892,0.03724617889448359,-0.8736219211696553,-0.06667182090429853,0.2265327476120127,-0.9092003954456723,-0.13364492625826802,0.21183898062893364,-0.6829895059814881,-0.11374567681843617,0.13458453070149717,-0.6228471809136024,-0.08436741547380919
rightClick,0.0,0.0,0.0,0.1097868729570457,0.20505732040329783,-0.22063695518173465,0.2819229479320313,0.1267665347435927,-0.33316898226930813,0.2567630575059177,-0.4013432971960932,-0.4103232606529744,0.22407594299429212,-0.7650521716838643,-0.45446670033401315,0.6473006804304366,-0.34500155186972137,-0.20055990110737054,0.647036916596147,-0.48146484154646174,-0.39606280490178847,0.48193835087566045,-0.2873059526203602,-0.48718846375189856,0.42906813271410826,-0.14396165253521184,-0.5261726890077564,0.5611057770144557,-0.6791613143495397,-0.16851693600059403,0.41219619893009735,-0.7962000721993691,-0.3458549191811352,0.2267350343348282,-0.4597439129434269,-0.3859961786819965,0.2806931818515048,-0.3407128043991301,-0.3792832038935902,0.4143036858565017,-0.8867332656200587,-0.1711863101178765,0.19732374626135216,-0.8887788629633442,-0.34806071948521217,0.06643576656113541,-0.511422795214469,-0.33013156963046747,0.16495132716114644,-0.37605314540301615,-0.2826391086614186,0.24801872306510553,-1.0,-0.1930734608680909,0.08294454276639646,-0.9748924301940293,-0.29952524155178095,0.0035795638435807925,-0.6896309945501669,-0.277838672471045,0.06955139003849346,-0.5721108561274005,-0.23479336775282086
rightClick,0.0,0.0,0.0,0.19040224296218486,0.15388104313928153,-0.13765889517057334,0.43053964884445267,0.11021668207340238,-0.21033663185435533,0.5206857030129336,-0.12304059411407897,-0.27147225229758315,0.50907128646735,-0.4041634297065751,-0.3101264911451228,0.665448038131706,-0.4822363077115033,-0.11655694508390078,0.7289452870493354,-0.5794074961462085,-0.2655080611202964,0.5735758394282323,-0.30283839423174064,-0.32739879076166156,0.47725711488394645,-0.15710177452154464,-0.3444111500127354,0.5392490983230755,-0.7323285865412433,-0.10979347240988582,0.5507474550081867,-0.7522698062966549,-0.259539918146913,0.3778851448577403,-0.37938928626979534,-0.27881010536158457,0.35046565155036163,-0.26557334343869066,-0.2612975716694492,0.3677332792657373,-0.8933234246876184,-0.12758316751669813,0.3542869154310015,-0.869664074147919,-0.28249894016414295,0.22842674114730932,-0.5023563945400159,-0.24907733600048845,0.2214839447482,-0.40226319538087374,-0.19212211866715906,0.17018956116024453,-1.0,-0.15647584650004184,0.1735080863232447,-0.9411884220594106,-0.2491550195299784,0.11226192097054145,-0.6646915414140503,-0.2169380457613335,0.11684192970172756,-0.5746123691990619,-0.1706009181417142
rightClick,0.0,0.0,0.0,0.14235429746608527,-0.3278459107177866,0.028102889022708934,0.3297214671174068,-0.5751668582059384,-0.007688245702001053,0.5118712827209914,-0.6355730369992735,-0.05773404326915142,0.6382462825555082,-0.6172981565413219,-0.08831713096525352,0.3265001412323816,-1.0,-0.06550580713703398,0.6588973812856684,-0.8411046045126244,-0.14564780465274013,0.6122669861274538,-0.6527365925217725,-0.17299888151504886,0.5221513392524565,-0.626594942039362,-0.1767842192469856,0.3238699814815283,-0.8482874174645063,-0.12398613016262995,0.6823789045157174,-0.6137385228380644,-0.18285105869013885,0.6080164149697419,-0.44068570938913115,-0.16725226709052296,0.5096328668151563,-0.4597691106307485,-0.14955292212715132,0.33325787299821,-0.6271876727418856,-0.18195416988244706,0.6645283831353492,-0.3809591550175527,-0.2144063563727363,0.5718375771046362,-0.2383436949881219,-0.15293129156049234,0.47745150108899975,-0.2696779071274633,-0.1105371607859263,0.34029421828207745,-0.36797708894246134,-0.2408052128658334,0.58860529683412,-0.14667467244257162,-0.24081377285998912,0.5123192306752641,-0.06265975897704189,-0.1850815765345825,0.4302140534102716,-0.11017618122804414,-0.1458628274936328
rightClick,0.0,0.0,0.0,0.21902042941879574,0.22562095280627323,-0.19736318015088153,0.46307784905826566,0.2032585390427433,-0.3302869683203466,0.5760175111511511,-0.02481014262192865,-0.44000996854982116,0.592058788760536,-0.26146627303148284,-0.5263217711924103,0.7790674369389172,-0.36721233197940756,-0.2516980863251385,0.7379132956953813,-0.25110190293920626,-0.46120492072716407,0.5390343987804623,0.04364992841474787,-0.5581142767225931,0.41697462876498637,0.19500425339247648,-0.5975868406026761,0.633037385813217,-0.6834267585904235,-0.24038537582856942,0.5475384022233537,-0.4762183207251088,-0.4416354134948516,0.34062387725505133,-0.07952584525068745,-0.46728789008187693,0.28225713360751814,0.07095384933950726,-0.455932027547195,0.4212226127496695,-0.8851037001037658,-0.2563595881396875,0.3112274881187025,-0.6151091626804794,-0.45946686325653024,0.1621541559237279,-0.2427884329358607,-0.42535488738767535,0.13793292079418293,-0.13409536407262523,-0.3646180267390117,0.19627818500287036,-1.0,-0.2884787086262045,0.12427601542501861,-0.7489271483881536,-0.41404596283536327,0.053550404439290065,-0.4698055492671107,-0.3901214993770654,0.06055849631565813,-0.38075596807753614,-0.3478749973191343
rightClick,0.0,0.0,0.0,0.2374601700211029,-0.0016970166447385496,0.005111949308678259,0.46169895823142915,0.23796316076337798,-0.05246356097159277,0.558533098812288,0.5373069144444067,-0.11184484055708148,0.5921990390892811,0.7832635227270458,-0.15809964960277914,0.6264004130738162,0.22402691069100522,-0.1825706764126474,0.6765237961663396,0.8242958878291963,-0.26724859388373323,0.5683711784682528,0.768913999189425,-0.2852180972468209,0.5278610203262665,0.5982762303869796,-0.28694312714426123,0.49246674346498853,0.2813189413011925,-0.2330895049371014,0.5372480179843835,0.9428602017652966,-0.28986592636323427,0.4343758672254177,0.8455762269929464,-0.25965561421698735,0.4061418775792157,0.6483823937517844,-0.24312846581887126,0.3340332695121976,0.3748837044475812,-0.27719345456864913,0.38250805084661166,1.0,-0.3057796375589522,0.29458399633444404,0.8857268921236466,-0.2298132177749325,0.2693448667242987,0.6842388580874822,-0.18804266602990027,0.17238993848813786,0.467983784506837,-0.3209607616428128,0.22915876389307596,0.9421776516883319,-0.3171323357655051,0.16286343607937245,0.8347302941428968,-0.2504211764835228,0.14090316723200613,0.6644708602277196,-0.21125105318528112
rightClick,0.0,0.0,0.0,0.2032741626390803,0.09192944100220812,-0.07817985370351611,0.42065448570818514,-0.036828008835693406,-0.11610690515817958,0.4844949783297299,-0.24871229974641132,-0.15434465471442915,0.45915874530188466,-0.48279251753854957,-0.1779920614633009,0.5261517224691069,-0.5626760655669131,-0.058596871878056137,0.6222471026330626,-0.7891563003558608,-0.1936248239518191,0.5113132695970631,-0.504727667827277,-0.2635172529454637,0.43735689553541207,-0.31774105519740325,-0.2885250994086779,0.3963146310626752,-0.7159387050575701,-0.07325273149500047,0.4699882544634164,-0.9306454723689992,-0.21608338066060143,0.36006774366958205,-0.543358873995795,-0.2510849274496804,0.31354943549810116,-0.35293292256828146,-0.24523148574800857,0.23656262563110914,-0.8170000922646117,-0.10648992441897986,0.2963334149197834,-1.0,-0.25403638567399833,0.20847102977234733,-0.6034689376027801,-0.2347229998526467,0.17750625830728986,-0.41026644351956265,-0.18537407428530206,0.05598489560795297,-0.8797631936740099,-0.14482518390294136,0.10538577793297883,-0.974002029821458,-0.24295769918319216,0.07337088428018843,-0.682315071338283,-0.22217871912677703,0.06048401988838497,-0.5157970385045243,-0.18243621747971472
rightClick,0.0,0.0,0.0,0.2417146330400627,-0.02887654583060349,-0.04358041861573495,0.4087746774200938,-0.3262423532514049,-0.0771895554144574,0.48874756477433023,-0.5955580771096678,-0.11558283366982025,0.5217239692383974,-0.819734503768841,-0.13955144846611653,0.3326404998582262,-0.933719100568775,-0.03564588291597569,0.5307092965423995,-0.8687316005878649,-0.15317391760041066,0.5192272743238765,-0.5604343215755268,-0.23328038602303602,0.4586781592519231,-0.4142113330452042,-0.2730844741223357,0.2426986500183008,-1.0,-0.06297763217541764,0.47347315741166374,-0.875016608149982,-0.16742106952540342,0.4555414460518928,-0.5067557627098799,-0.2003815817080223,0.39139415301489466,-0.38179566044949165,-0.206149907178892,0.15192881072410516,-0.9651442656448773,-0.10376855300252133,0.39611544916837077,-0.8201498984166643,-0.2128349102612628,0.3697240170902318,-0.47221297426131276,-0.18493915204640096,0.3014237956991382,-0.3930585314475638,-0.14301717484423662,0.054449151571703686,-0.8608893721584792,-0.1491146884832821,0.26775290330824164,-0.6862885913590786,-0.22745358204705765,0.2551626529667883,-0.4742372595763484,-0.1981601621069946,0.19380985615433133,-0.45420872155679326,-0.1595132834465202
rightClick,0.0,0.0,0.0,0.1970142070823373,0.03980299795704421,-0.1132470186036169,0.3950206240604447,-0.14587146457689032,-0.16671754733312266,0.45445466985757843,-0.3311472895423954,-0.21227843767802937,0.45264215325539814,-0.5195734380427933,-0.23741441655863582,0.45986776791735706,-0.5910747913481816,-0.09567167727637362,0.49768412319679173,-0.8021195465658201,-0.25037115635537266,0.37455068371653216,-0.5049745102889369,-0.3296243925996288,0.29053584027131063,-0.29704043713795514,-0.3589618577018612,0.30628449409768177,-0.7343020094519586,-0.09618208433497544,0.32714467444042855,-0.9600264572839716,-0.2684759459215406,0.21296983630049518,-0.5516596870102318,-0.3068155747563741,0.17228855135873294,-0.33943939554294056,-0.2956015467645578,0.14170781372856905,-0.8048502386082955,-0.11914222823474006,0.1524127390636784,-1.0,-0.2914352099289028,0.08090447011274107,-0.613342552547483,-0.2665998609524616,0.07523932147143696,-0.4017359011289915,-0.20762391492611124,-0.0145088391212141,-0.7872982067113623,-0.15061823322931808,-0.021520994973684118,-0.9039158731477956,-0.26417503185843955,-0.04735976089649489,-0.6191704658465287,-0.24434934255690616,-0.03269093572512581,-0.4469910211456977,-0.20196680881009954
rightClick,0.0,0.0,0.0,-0.11777032036774183,-0.18497934369614577,-0.04379120254961608,-0.1834069040722061,-0.49374689685227807,-0.0632924889065383,-0.13272612983431142,-0.7915303490251708,-0.09358393953285316,-0.08221388470386219,-1.0,-0.11211898209900965,-0.13755833062781955,-0.6895280265936153,0.0566146819588934,-0.16844585812734558,-0.8897244693363586,-0.015530223097343166,-0.18239102728376178,-0.8253125803505533,-0.028385543530273817,-0.1708934308272973,-0.789662422411956,-0.017688358476657624,-0.04640844915390266,-0.6701955899448503,0.04802319069109499,-0.06207834327231162,-0.8320752248960559,-0.03306923272327267,-0.07319795148969258,-0.5608492670105929,-0.014062716754258084,-0.03820994088764078,-0.5510565182719963,0.033375000946983514,0.04894814112501355,-0.6293746768611993,0.016475120528377303,0.01800782137496241,-0.7620080462229282,-0.08520505997035771,-0.005009386120169269,-0.5063229941028705,-0.04672818559432685,0.02091139515384239,-0.49153443134089964,0.014328461652664154,0.13991805873276797,-0.5758717614251941,-0.01951115052092959,0.09863761796236019,-0.6984576113494362,-0.0722171778223244,0.07526304754059714,-0.5253145253282043,-0.043229603611274654,0.10110827391355365,-0.47911264989953445,-0.002494879520514304
rightClick,0.0,0.0,0.0,-0.029424877603740726,-0.3365219347531318,0.03910315944277388,-0.04403753305410742,-0.6124691881105508,0.026285836755230954,-0.08053684094375606,-0.8299131601075743,-0.004616352701999714,-0.11510691099957705,-1.0,-0.03420175808082011,0.1717357539611432,-0.7156656419451436,0.04535281578332902,0.004192017220233998,-0.9294602879007872,0.007352269260143832,-0.04936647573389841,-0.8031645231621116,-0.029025714779590504,-0.037846127280200766,-0.6962452431950545,-0.05381847592308817,0.15160631192731566,-0.6940968076212337,-0.004341132948357133,-0.060812300677521976,-0.8976122332435144,-0.024553722687083848,-0.09349518611618633,-0.7572663213464919,-0.0341756376370582,-0.06376123597753168,-0.6611827225289688,-0.047734988518677836,0.09463853120395196,-0.6509734668392709,-0.05636951638665604,-0.10301847196846083,-0.8334166024238655,-0.07049494298955812,-0.1289749826158329,-0.6894994234429563,-0.05860075004567851,-0.09394642085258989,-0.6002951540366529,-0.059154756982226345,0.022503960166300005,-0.6005757569160329,-0.10904429867287359,-0.13028616841792262,-0.7449201668061307,-0.12289596069600918,-0.14843715546832303,-0.6339503805536995,-0.11384911127276161,-0.11654714063246921,-0.5504594872149848,-0.10828732914303413
rightClick,0.0,0.0,0.0,-0.03966449011050368,-0.2645581823287865,-0.1295533339131503,-0.006659299478281935,-0.5750896320512517,-0.15541130698640862,0.10867619174435193,-0.7943474873780898,-0.1600873560329675,0.19373506910265073,-0.9509017961255061,-0.139610041248688,-0.1427215414348346,-0.8509821258569645,-0.01723426993133847,0.01452779682489114,-1.0,-0.08644673269872571,0.0060542857249524925,-0.8108849793565243,-0.12280672796356494,-0.04810191194301712,-0.7264672050189801,-0.12988395775139738,-0.029997751680121327,-0.7767555250801742,0.03573814240337165,0.1063450117373083,-0.9419383835907493,-0.044881113388229844,0.08451193828818235,-0.721441256006063,-0.0753102770007904,0.028467587482250926,-0.6398255851335448,-0.06970259596022482,0.08154515161433101,-0.6895655142575421,0.06782115114070773,0.1811465518779071,-0.8208103575367872,-0.02275650146452255,0.1413168600346208,-0.607680107222458,-0.023463980412968412,0.08030173116482467,-0.5433439361112113,0.005727878497103564,0.16190993529235834,-0.6077700192766466,0.09089291998977951,0.2269623953981621,-0.7057676249404216,0.037796737606859115,0.18569307363994278,-0.5522476146860918,0.04640535984618571,0.13212654141616775,-0.4877361824772918,0.07098580007509953
rightClick,0.0,0.0,0.0,-0.09976716230619644,-0.3067309232825222,-0.033043246046799625,-0.10043643876330278,-0.6333335172114736,-0.03359755994189507,-0.0018308266745462446,-0.8929044943335153,-0.04763666719473647,0.11276966528742072,-1.0,-0.045325386426727045,-0.014549118008513398,-0.7307255335743896,0.10610074294881319,0.018019737959259638,-0.9331166049635585,0.03207555592076043,-0.023830247218563312,-0.7408354335414834,-0.00029009061640395995,-0.011982578905307874,-0.6496807235908618,-0.004077224283742442,0.06227700778140311,-0.6802144083073266,0.09590750571099545,0.09416135738523365,-0.8614284741216301,-0.001141292484464459,0.036435693337311496,-0.6132822056166937,-0.018211728315230692,0.05753882786799532,-0.5485469469673059,0.007088293448096314,0.14285880461300687,-0.6123855598417817,0.06271284447688852,0.15015824712646436,-0.7712471590827327,-0.04187935018386591,0.08637227936302054,-0.5374824796111122,-0.022207066149940873,0.10517509835881565,-0.47190034220521376,0.03145191297141582,0.22712372056790522,-0.524245412080506,0.025588370733127978,0.21680839673931293,-0.6840547432405596,-0.017992779666878927,0.1686796126471065,-0.5376730333273533,0.010775474410778725,0.18309801728198688,-0.45681721809322523,0.05348012943180319
rightClick,0.0,0.0,0.0,0.12251962550972323,-0.26217456626514546,0.0738169766814422,0.12663546985826432,-0.5833028715507094,0.07999788720480412,0.03471228883812997,-0.8537033405957309,0.06877152830178831,-0.06703666535733503,-1.0,0.05434437991036973,0.2538955616229112,-0.6572209211051616,0.036937496211805726,0.10817003653485276,-0.9622722196899905,0.04644373809143165,0.036647742431538136,-0.8528411103560847,0.055270190951314094,0.04247416105807711,-0.7461044383770888,0.05470969227596769,0.18031798115205327,-0.6921946048250692,-0.012563318758740739,0.003692315209054832,-0.9314582247134524,0.009678335618209195,-0.04290193320351449,-0.8027121808343421,0.02153952716517702,-0.025807633682009848,-0.689491424306381,0.014167253095600725,0.07763415131202102,-0.6995730635981591,-0.053122241776147994,-0.09139563394687628,-0.8794941308298742,-0.022011218302039007,-0.12194116236505152,-0.7243891196469819,-0.006023055063153272,-0.09545156190834979,-0.6154645995084542,-0.017745329851951222,-0.03874803037735109,-0.6942527198632467,-0.0886700130408402,-0.16536871400275538,-0.8081353853195852,-0.07284934658032362,-0.18734195606431625,-0.6735509652517099,-0.05970526952733555,-0.16233213607705813,-0.5774209081189919,-0.05917683045850821
rightClick,0.0,0.0,0.0,-0.03285218348866983,-0.33138675671207024,-0.09779423587300656,0.050624417825615976,-0.6532040732907477,-0.11326692243622842,0.19539242584833105,-0.8171167988292813,-0.1137701389063768,0.3084208300480566,-0.896629032462839,-0.09416146954085805,0.02427609720945932,-0.850155482424554,-0.00938445740189737,0.15754049263171352,-1.0,-0.07096644453335353,0.11708018468472216,-0.8406216495102621,-0.10184479418398688,0.0546168043017023,-0.7399609166990999,-0.10891657578389803,0.11512820860810359,-0.6938908665002175,0.020604868390184487,0.24872547315646176,-0.8302193798710931,-0.04454478435551882,0.16878157495691745,-0.6608499939365575,-0.06699552362851573,0.10055405708508505,-0.611147569595696,-0.06186985349408534,0.18407254066118228,-0.509794539049226,0.03374939325854358,0.30335088740048766,-0.6230708804016261,-0.03632925993268776,0.21801293330081986,-0.4947122549978891,-0.024507517259931097,0.15596852146714002,-0.48119318623757634,0.0026204135680841386,0.2130860032545582,-0.341635214839221,0.039811704724520516,0.2575776613149308,-0.39706135371934187,0.0017596036023987717,0.18844464018686202,-0.31933502642741535,0.022028475381778705,0.14222719944989765,-0.31170997394689826,0.04872863162304563
rightClick,0.0,0.0,0.0,0.34333931839370185,0.2994423535098926,0.01907416454422997,0.6210099789371913,0.21952936707986603,-0.025486092676687815,0.7994644521943303,0.21466558475190775,-0.1030345279646613,0.9535392424294741,0.1924881737509064,-0.15128754495302496,0.7682901142916336,-0.698643002658748,0.04128329114983751,1.0,0.002113877283242982,-0.11774790327974019,0.822647698629191,0.16682193294430442,-0.22739565154464816,0.7136576775663824,0.035959048375401405,-0.28619979763766984,0.7384496391699181,-0.7450119125720797,-0.04207230182433465,0.9929121922585546,0.10609198577397189,-0.20238373897256848,0.7708110907772522,0.2372739200994441,-0.25357216910274355,0.6604316149304237,0.03952453299264528,-0.26399525963829135,0.7237070543144228,-0.6670121888056352,-0.1421115949685631,0.9376520147784952,0.1412644591001692,-0.2745545031036413,0.7106339560098063,0.25354545768447223,-0.24061787280772612,0.6131915334415248,0.05865439729291116,-0.19194968541778792,0.6956006353371775,-0.49894755015365494,-0.2459163561128606,0.8178222437070544,0.14770795207347812,-0.29796950517539295,0.6539750008632299,0.22906080591139807,-0.24701911067934657,0.5720567314664549,0.04030903629018335,-0.20241898033163758
rightClick,0.0,0.0,0.0,0.2532679759949215,0.11614027395108671,-0.07299197157020917,0.563995654478701,-0.06377772396777508,-0.1044458979597616,0.7577250803332439,-0.34931054116137983,-0.14037971670113109,0.8296522928514866,-0.6792489905170778,-0.16368214518654678,0.5971538144383872,-0.6035786742233362,-0.057083734508606175,0.7593364899444376,-0.887607083723274,-0.18735290404938143,0.6631052807246026,-0.6044787010556214,-0.24785475776761626,0.5614020850648883,-0.41295295842304697,-0.2642721691392696,0.47452339971597046,-0.7455234258938096,-0.07752354470291119,0.6626069201117794,-0.9634932035785106,-0.22413389288453303,0.5468295364559133,-0.5609621337556692,-0.2645844421283207,0.43363492385521035,-0.35026815923979554,-0.25866082660878875,0.32965131118251845,-0.8559731284481122,-0.1150020502427964,0.515405821951427,-1.0,-0.27422381785230154,0.40529152296123716,-0.56349876636933,-0.2618035580045257,0.29566904012408296,-0.349134658804589,-0.21029874128212206,0.16133042323021446,-0.9427673902657705,-0.15620494649347538,0.33294072028324423,-0.9993877657868732,-0.27583731351005253,0.2769742999064142,-0.6868593791925446,-0.26438651312262046,0.19167462909274155,-0.5241732711173356,-0.2261333889611294
rightClick,0.0,0.0,0.0,0.2299934252091106,-0.020041804054101976,-0.04381817251941165,0.45547984665334046,-0.26497357437242064,-0.04568573748879732,0.5421238943263957,-0.57996440539628,-0.05037470892947412,0.4849048796510824,-0.8222334723902276,-0.04882322455634557,0.38218022902968907,-0.7021504638151639,-0.0032456397195624446,0.4381718066596623,-0.9672120946175707,-0.08138301795026655,0.4090462725833629,-0.6914691385632161,-0.12469276340160995,0.37008304203115405,-0.4906957943419328,-0.14133771204718026,0.2532563816488794,-0.7626781520086836,-0.01657419537681336,0.3178748129302704,-1.0,-0.10694860654125794,0.28786697483740675,-0.6381050684504919,-0.13621775924970914,0.24086745754187933,-0.4326401097573885,-0.13685913759513416,0.11041546977503187,-0.7885415834446418,-0.04202952628531618,0.17073238459890364,-0.9915511327496183,-0.14991317714371247,0.15201049022406346,-0.6215926142870085,-0.13389987948527748,0.11673090905149174,-0.4256210219872088,-0.09681091766657228,-0.0558532701521757,-0.805200173811081,-0.06952051706200735,0.01342934160689067,-0.9635586895436736,-0.14872851370997472,0.01447651723704617,-0.7011929505073349,-0.1274267198345537,-0.009703872114228193,-0.5435751526166477,-0.09416580388173963
rightClick,0.0,0.0,0.0,0.23918260116708173,0.04991139305724849,-0.06207393574979925,0.533421326911434,0.34275969245953464,-0.1406942927862244,0.7196711863368146,0.7253492883458035,-0.21179760926886168,0.8146888452477562,1.0,-0.26841976078202656,0.6620259211895463,0.011784646358762177,-0.25732129829606476,0.7880946092436393,0.7520272272283238,-0.3756961470018283,0.6581716518377917,0.804310373011864,-0.4041721572262461,0.5914496739439101,0.6359198663903501,-0.41601367532600936,0.4881041777321929,0.06589025542729292,-0.2949655766394598,0.5967963878698953,0.9401372076753999,-0.3875763070745967,0.4661243838466796,0.8862370044434418,-0.3523620867600622,0.4162528737560323,0.6647105754735503,-0.337323063074544,0.299160249588632,0.18409771977269104,-0.334066546103657,0.40977848178726356,0.9854832848432916,-0.40690473953878376,0.3030556001077011,0.8891568484103214,-0.33709076191124515,0.26434053685896475,0.6689629898051949,-0.2988454789279034,0.1163274874261673,0.319237643084422,-0.3797810271980182,0.22671224165722798,0.9628554355433917,-0.4095995785288512,0.15660175214602026,0.8709910985669006,-0.35714630964045796,0.11266852479068717,0.6517320076897098,-0.3279427776186295
rightClick,0.0,0.0,0.0,0.19801966398493262,0.03777625910410539,-0.05835928703635991,0.4237124323778543,-0.3081267057010194,-0.07353023596788626,0.4916284275269772,-0.7071612071070831,-0.08607577682038872,0.42067900818736487,-0.9854619258650826,-0.09090957071138708,0.34856177938172844,-0.840108440114108,-0.04853995448569586,0.39220527058227406,-0.9659077376320367,-0.14415570471384534,0.3566029551572625,-0.663563090283085,-0.1955705741757904,0.32236202589003077,-0.47649785385393384,-0.21808139472570617,0.2020520987662351,-0.8908044722100527,-0.060671241217841,0.276498906911137,-1.0,-0.17267347133747604,0.2569109589030489,-0.583541892861031,-0.20876609716503577,0.21194402257630754,-0.36470654005821856,-0.20805938737877386,0.06901860798536374,-0.864413310085547,-0.08315099754814727,0.15494590770356254,-0.9554662108787313,-0.21065676071341422,0.14849469344343355,-0.5306785761241889,-0.20028329552493013,0.11128925328797754,-0.3206602544774676,-0.16265276095437847,-0.0609035633442557,-0.8010853922537422,-0.1068900525284187,0.03926076003784192,-0.8322041617749837,-0.21002746224618543,0.03445138584650855,-0.5309099389861753,-0.2022412463313629,0.004953395249999651,-0.36386177137539644,-0.17262004417055146
rightClick,0.0,0.0,0.0,0.17342656988465946,-0.12420298003014531,-0.08823747680891333,0.2749930059179319,-0.4167436090178521,-0.13939896368372506,0.2521079820725067,-0.7367330679902241,-0.1867423353496931,0.19221376179124772,-0.9752238180746149,-0.2327932635887724,0.34156326001986054,-0.5559904946030118,-0.05824306443992016,0.2975629608906423,-0.9354323325911711,-0.170153065388851,0.2453815968196963,-0.9805363410716632,-0.25145161616141776,0.21581875152879162,-0.9493099619265709,-0.29205455296083643,0.20636176937911918,-0.5830231059444781,-0.05870243746329127,0.12334313249666533,-1.0,-0.18013236916261635,0.08383304895201986,-0.8477199888333037,-0.23785285629633576,0.07980210397481356,-0.6614320543175757,-0.2557146730475124,0.07006148535533065,-0.5717634531429274,-0.0746597261906186,-0.004441502808507545,-0.9479527077897837,-0.1983255109996213,-0.01804771111029675,-0.7616190398726734,-0.21514521697109262,-0.009835660671866867,-0.572213636657511,-0.19719435415908132,-0.057564051341776286,-0.543452392125036,-0.09648647149341096,-0.10538539850179164,-0.8608748218706361,-0.18477518459422793,-0.11433797251765206,-0.7452710620189613,-0.18584500355848407,-0.0999601061729962,-0.5870869730119304,-0.16590341568882933
rightClick,0.0,0.0,0.0,0.3223092365697747,0.13632861882261285,-0.002780156692309757,0.6076500864753348,-0.06788374123722238,-0.024122932206259367,0.7654153205428035,-0.3749476876114127,-0.06504932313957514,0.7638817892067776,-0.7089905869075909,-0.09876950718988384,0.6031523071271798,-0.7860965135210932,0.010108817377051642,0.7262115597466609,-0.75343524052114,-0.0787777350778535,0.6518338418556067,-0.4687899583383413,-0.12530654261122362,0.5370605819695909,-0.35556857230983996,-0.14369252954024628,0.4886727689339471,-0.9287409934599257,-0.04918887968015627,0.6323726679052696,-0.7863991651256536,-0.1550708511657412,0.5345471738277319,-0.3955171360180027,-0.1966987964075222,0.40576843338937457,-0.2567501685822534,-0.2079658410749409,0.3445698171878115,-1.0,-0.11840698656058089,0.5309778639554489,-0.8305081023261696,-0.25656463836063387,0.42518616452566,-0.39748775033318223,-0.2546657046886397,0.2946704355721346,-0.25489733256294744,-0.22448536331017988,0.1711835125832111,-0.9880191959314356,-0.1846616524394845,0.3983423670251664,-0.8219621767552948,-0.2988548300834263,0.4143165311009519,-0.5648248844300472,-0.2960317712169651,0.3709263311240249,-0.4899796735900031,-0.2744953883428947
rightClick,0.0,0.0,0.0,-0.01968316200404175,-0.3980667594048481,0.02764318844177172,0.05109597166342298,-0.6919241910352822,0.023702119973975408,0.1795916646288707,-0.8077188085950273,0.01441472526793436,0.2789995825036113,-0.7538487486724111,0.013675584647456034,0.13154990263565242,-0.8880776648026373,-0.025459202346128165,0.32284288049142373,-1.0,-0.02672572024361689,0.3099877785955819,-0.8621946344261157,-0.003374699367840662,0.2569535171687165,-0.7812646581988354,0.017766854541481244,0.23292296755197656,-0.7482259089207927,-0.04407124364228189,0.39342622460123994,-0.8127988627554144,-0.019547808417806747,0.35686044327131855,-0.6818265258861861,0.009430160271575536,0.29860190410044835,-0.6188209628038783,0.02202311415051179,0.3244912459373331,-0.5669647958826718,-0.05698336689677703,0.427945615623201,-0.6118643906197733,-0.02433483708432543,0.3870266723657811,-0.5040857305804086,0.003382837042487385,0.33041367862661547,-0.44289947951937825,0.009260742253014202,0.39984068262606703,-0.3807765808831774,-0.0679735413629987,0.4668810146035107,-0.4399941934564659,-0.03288664346456728,0.42603888316157434,-0.36056795623230525,-0.0005018096016231129,0.37752349306833793,-0.3003798559133885,0.01846511229977675
open,0.0,0.0,0.0,0.11847458864484299,-0.042584669295685176,-0.049297955784938986,0.21682010008030503,-0.20027618782924103,-0.058503268980963946,0.2568628781989131,-0.39255199654701173,-0.06300280982061901,0.25371051509209464,-0.5412666677766778,-0.06774562879617273,0.15026861840765499,-0.4490642990984576,-0.016010753550742874,0.16176235602409408,-0.6490441652055079,-0.041867732787985966,0.14705016694993295,-0.7403457855228088,-0.06772124270700212,0.12496907551874872,-0.813128630216465,-0.0865994441816945,0.08349171910401615,-0.49750162979508766,-0.013116192647637873,0.09234591872413621,-0.7307548800995937,-0.030491212339661036,0.08690874300212738,-0.8561830903476426,-0.056217335681528646,0.07956422673427488,-0.9621931598556814,-0.0777953423492797,0.020798874961096246,-0.49870279838057924,-0.019074966836806814,0.02282558438880443,-0.734002225999106,-0.04541581910756925,0.021277682501828318,-0.8745147693375668,-0.07327657697189088,0.021006771494403623,-1.0,-0.09471644489765164,-0.04339760724307833,-0.4644446465233813,-0.029747199675288678,-0.06077187607665736,-0.6402857680785581,-0.05822996931511997,-0.07190217899440683,-0.743386771827407,-0.07613723557560798,-0.07332179775683842,-0.8447873069381241,-0.09009643370361702
open,0.0,0.0,0.0,0.10969362399912448,-0.05359992249550133,-0.06014299900782294,0.20821404159049278,-0.15792600114462663,-0.07832870301598961,0.2805156022655713,-0.2641939083616948,-0.09312950008337727,0.34750693862612514,-0.31138553644057004,-0.10804638570324282,0.09132747982999245,-0.47789847987125644,-0.021534967525657048,0.10398466415614285,-0.6650186943721328,-0.043303189997207336,0.10389549810096037,-0.7760130752959793,-0.06843119800600553,0.0958141291418709,-0.8717092433085092,-0.09035106135947449,0.019739606413497264,-0.519384556869823,-0.017652847977210454,0.016466925134601275,-0.7510950201565519,-0.035798297189337754,0.014254996976965735,-0.8867381191165205,-0.06411847408169441,0.005990272467782707,-1.0,-0.08872426861942134,-0.043482445769277005,-0.5052209685550614,-0.02239227694442713,-0.0630637241270428,-0.7313883800662735,-0.05086433019243973,-0.0716220955996462,-0.864804301140859,-0.07970767086059309,-0.08159241245310708,-0.9777442782124448,-0.10191177904754399,-0.10604629279118458,-0.4487519443402878,-0.03343389137703858,-0.1548858782138801,-0.605812074913839,-0.06780398567417863,-0.18641460062757115,-0.7046318805426033,-0.0879701807953422,-0.2117703678054924,-0.7966108825645377,-0.10204455259626329
open,0.0,0.0,0.0,0.11147082623008875,-0.0444677395327171,-0.060425081331888154,0.20745629947273264,-0.12285044936213498,-0.0797942089506638,0.2811412810386091,-0.21612262602011487,-0.09566364851725734,0.34540341510627964,-0.2696831960279911,-0.11124992839749341,0.11934820445115651,-0.4611224042416067,-0.015237719965545222,0.13434476114101243,-0.6586143102096399,-0.037875784652504414,0.13275891227096068,-0.7782886439331032,-0.06603209043399622,0.12644529342710353,-0.8824591136741206,-0.08985910964779052,0.05210955540212685,-0.5029079491955802,-0.010674117721941942,0.05652789576021343,-0.7330076134529606,-0.030265443549206704,0.05797440410942322,-0.8761851233804204,-0.06414327312488169,0.056372209014669016,-1.0,-0.09279413503922075,-0.01086590988653246,-0.4927925519178186,-0.015017132909440208,-0.016076423636888323,-0.7093529033280737,-0.04441470251740826,-0.01714931030418292,-0.8394907205574893,-0.07674730580036636,-0.018477816582635292,-0.9512227329509318,-0.1010231779863196,-0.07189900189068388,-0.4450955052476683,-0.025517859300322798,-0.10449664319230989,-0.5962964933018473,-0.05876583459949847,-0.12710886179205164,-0.6909853133147157,-0.0786830964160076,-0.1428275681818704,-0.7785139125810971,-0.09250842953881333
open,0.0,0.0,0.0,0.04471896415273284,0.03350874972462301,-0.13444519999288732,0.08420522693244506,0.022641938876789728,-0.21573066898282423,0.0858186353080773,0.014238849064196346,-0.2782849201546968,0.07217391226679516,0.02266862936313925,-0.3398322359508044,0.13210046404142617,-0.3841532277703582,-0.15687319465626118,0.14760049112596496,-0.6068374721188184,-0.21569679360669458,0.1328752237101468,-0.7496509614696034,-0.26500198980830214,0.11172049134243112,-0.8745638036338887,-0.2978175487225857,0.08559281698065555,-0.4451119868182623,-0.11584287673316351,0.11378196363063961,-0.6842565903565697,-0.16158141221041541,0.12163674258586364,-0.8583882130188731,-0.19914894163654526,0.1268556783930898,-1.0,-0.22656009738766994,0.03776493657147778,-0.4639724407067956,-0.08350921113479932,0.07008722062140602,-0.6794198854316128,-0.114056794571335,0.07988136814382221,-0.8309055236119122,-0.14223899276301252,0.08893217511333867,-0.9518772632731184,-0.16244068299585496,-0.010377134995908947,-0.4589563631038913,-0.06324166816902708,0.005455577442104631,-0.6224469932457832,-0.0834106980208124,0.009015920192083233,-0.7307068108394268,-0.09605520428070345,0.02005296170088592,-0.8223785437071688,-0.10590233215582182
open,0.0,0.0,0.0,0.11966601645209649,-0.036729253300271554,-0.058121560116023645,0.21982137139105332,-0.11142926637716019,-0.07188908659672312,0.30014838936008764,-0.2006386177888305,-0.0819710051368129,0.36467433900458496,-0.2683330609372684,-0.09126919044392874,0.13854902486120238,-0.4680811735892661,-0.00595172274586199,0.1750173036431949,-0.6544132246114742,-0.013318243373973207,0.19166973092682285,-0.7669140824009205,-0.02829026875965928,0.19976857756026564,-0.8702568937404699,-0.04506077117127975,0.06931736669952004,-0.5256180754330886,-0.0006672525011638793,0.08580598084127858,-0.747936681949322,-0.007779865968020491,0.09521758562710064,-0.8822501748670086,-0.03092588550581209,0.09627763032508882,-1.0,-0.05276461808588034,0.0021129548408003805,-0.523021754479116,-0.004746151237365439,-0.0027106615882402253,-0.7427360136668036,-0.02693431603885442,-0.00021037550196524138,-0.8758976044886115,-0.05913378099884787,-0.0014537594928307578,-0.988646951324779,-0.08495100205017903,-0.06374236895957815,-0.4769319647879662,-0.014951986102476816,-0.11043906521931576,-0.6338961683777552,-0.049810765562205116,-0.14175638291570683,-0.7478206984898493,-0.07654178466488272,-0.16434607436590937,-0.8510416591370511,-0.09563408900510488
open,0.0,0.0,0.0,0.10375909728249984,-0.03720238588717179,-0.0923537984472749,0.19549234202599658,-0.1365075077065288,-0.13737384846417008,0.264038563108355,-0.23601100635008768,-0.17231172924633112,0.33225158239916475,-0.310625736829088,-0.20842093905372888,0.08608386083271839,-0.43877280968451104,-0.09800185217413347,0.09655823634292127,-0.6165103764492261,-0.14440188448461022,0.0939343959725149,-0.7313894153392504,-0.18045277655420466,0.08019788979128016,-0.8296258364629571,-0.20798399529024236,0.012967152549649518,-0.48236126627173775,-0.08702274920265356,0.0005178189458083319,-0.7174332988863131,-0.1254056825989712,-0.01112830629896407,-0.8683728195439581,-0.16156270478465717,-0.028074181251380607,-1.0,-0.19182930135949916,-0.05091414446059693,-0.46741480004947544,-0.08442689837667988,-0.0782781683582729,-0.6917703760542543,-0.1324217036558198,-0.09896578262107161,-0.8366787562030498,-0.17153313238322898,-0.12021289080123003,-0.9578450238475373,-0.20106958791106008,-0.10798628566767536,-0.40723515122495957,-0.08906877005211718,-0.15779045042279555,-0.5432011812726141,-0.14174217245668386,-0.19952922130711617,-0.6333779994657487,-0.17176678692236344,-0.2364458713145182,-0.7194969029111254,-0.19257539223974335
open,0.0,0.0,0.0,0.13942924101223023,-0.07358152391528809,-0.03873157416405748,0.23910396081460839,-0.1891728052735106,-0.037546393066247886,0.31109095885144833,-0.3096518602448817,-0.036338996894843385,0.36249356960589846,-0.3946595035302406,-0.03581650329923664,0.14296564479494867,-0.4984507348512819,0.032799367852325366,0.1526658858709291,-0.701965317184305,0.0282670384260523,0.14807105510850152,-0.8234175741442977,0.00691155907784918,0.1455696775452275,-0.9373992106143537,-0.015447679270257449,0.06524536419383226,-0.5240585816365856,0.030639341656955785,0.056224611860352734,-0.750866646674906,0.02506456042276695,0.05111611996520124,-0.8838858609139701,-0.01146430847765155,0.050301041632359995,-1.0,-0.04485543816789097,-0.007659222913716293,-0.4997193834756735,0.020317519391122765,-0.026974913422001992,-0.7088261697154101,0.002063847342076601,-0.03295029274062193,-0.8383290586018595,-0.03473271646783633,-0.03637484474125211,-0.9506788050165838,-0.06518091842756814,-0.07873739512751873,-0.4368462593162471,0.005171055308593388,-0.12053635312922092,-0.5821863590323757,-0.020474838777639667,-0.14481748273688358,-0.6842817574799134,-0.0418571796466919,-0.16028644456552493,-0.7821541372447849,-0.05933398448569949
open,0.0,0.0,0.0,0.10658884844658299,-0.006452435367531727,-0.05355010570971768,0.19050941646701794,-0.07860497337561449,-0.0897484834832475,0.2685705853426274,-0.12062778384246092,-0.12301501457399129,0.34309596225700945,-0.1358348774093235,-0.16137218712198365,0.14424508705361413,-0.4073876038686331,-0.07710936645484479,0.17149404311336902,-0.6197395090994321,-0.11479649417247384,0.18399989832673302,-0.7632717555091056,-0.14668385927809582,0.19043324826872418,-0.8866876163912748,-0.17569165658532448,0.07414570707402598,-0.43481106144418286,-0.08891268281646346,0.06953553578276553,-0.7016927601303379,-0.12686131339597376,0.0639769055940727,-0.8661268874564121,-0.16890635404597823,0.05404558753419816,-1.0,-0.20547072196422808,-0.00012557342486356414,-0.39928983131563517,-0.10377605979773125,-0.013529701541681637,-0.6373918794377139,-0.15092689638350304,-0.024563723438130104,-0.7993149720261882,-0.1950553931750478,-0.03619468539432723,-0.9362460902529821,-0.22986452005109634,-0.06576468945561903,-0.31844900033794216,-0.12147859444200776,-0.11301432565053866,-0.4605089796710289,-0.17295826579618506,-0.14550969168752942,-0.5692569970097909,-0.204678633428327,-0.17280991814044105,-0.6728911179509228,-0.2286078965951344
open,0.0,0.0,0.0,0.06811744207177063,-0.08052723208923536,-0.098997750862595,0.13724097296503598,-0.2450125896484797,-0.1286590612211552,0.17469982679079682,-0.428999362860719,-0.14132204907502738,0.18418678363444238,-0.5892566261553087,-0.1540769636009774,0.09900400491352723,-0.5175092568072566,-0.06442230294533557,0.1086252785653367,-0.7255257775083354,-0.09927934565142243,0.07405658865668366,-0.8397810431844074,-0.1368149345010145,0.02675629879692799,-0.9362015579506895,-0.16243198174528725,0.04018336330530495,-0.5400661357143066,-0.031023120271546897,0.0020869263227475767,-0.7759996015771083,-0.056649400131846765,-0.04636406708454315,-0.9028913446266574,-0.09930810880135311,-0.09815185220925404,-1.0,-0.13316074941387326,-0.010963909082523874,-0.5202822375209432,-0.007763848183866874,-0.0511875763077934,-0.720724550848766,-0.04108024386511542,-0.09288446721546875,-0.8413690531410736,-0.08707582470452534,-0.1319470442001727,-0.9410801521570631,-0.11982159450185077,-0.05613315136794079,-0.4674465504771531,0.00790513505010191,-0.09336482957434178,-0.6013462041919095,-0.02900761910872554,-0.13136592204138822,-0.6805754547529463,-0.059987762059805196,-0.16462251517233964,-0.7569825431649212,-0.0816521954395117
open,0.0,0.0,0.0,0.11280901050861807,-0.08861783517418712,-0.05519002875866642,0.20031009867413102,-0.24305822173110647,-0.06281600560621949,0.25207215843993835,-0.3868053292795175,-0.06613117941675431,0.29558678908384445,-0.47594607495005414,-0.06749691157124096,0.09707137192108264,-0.5360647392409245,0.0002960196122788231,0.11212465889019192,-0.7337047689386605,-0.007173854756209176,0.11455328388720501,-0.859529463300304,-0.022266710420837874,0.1092543505722674,-0.9647375268790602,-0.03833575134574014,0.026726442662606546,-0.5614028895765523,0.0072933321246394225,0.026109724066556636,-0.7717905196740746,-0.0016490451353040878,0.019099447309020513,-0.8958559110966032,-0.023909671473927096,0.008361839540527759,-1.0,-0.04235245680781174,-0.036792701915601925,-0.5365884940946071,0.004653924203727504,-0.0528896989840777,-0.7445929678375004,-0.015942888259210485,-0.058626600447661374,-0.8693433441464548,-0.04368423524304366,-0.06402525236363059,-0.9825856366205206,-0.0641029381126005,-0.09976951577880101,-0.47280599446422444,-0.004076402771749911,-0.14250607114031386,-0.6329793984409955,-0.034515525196449494,-0.16906845517311142,-0.7381343941613704,-0.0576219045314117,-0.18521518488850303,-0.8408548543834009,-0.07298979376557707
open,0.0,0.0,0.0,0.11471284305613172,0.00010840674161164608,-0.08751077268686154,0.23005013147838427,-0.057080213705340416,-0.12392924089799297,0.32554560602004284,-0.10494513005247748,-0.1512061818545066,0.40620207282220855,-0.1196359738637543,-0.17665273292460468,0.19028739174466164,-0.4548936811142861,-0.051598117093107874,0.2476396283057165,-0.6370782121643873,-0.07473770006838844,0.2790917478768234,-0.7643085732308665,-0.10111871604397689,0.29891320028330615,-0.8766946953490892,-0.12543571836176454,0.1255643015553631,-0.5260276578836147,-0.037169505226142985,0.1649335739099177,-0.7398582253896878,-0.05570510891346913,0.18907817771888957,-0.8775287109862989,-0.08503268873537706,0.2045353533739868,-0.9920275976039937,-0.11004201135299504,0.05817570930060228,-0.5422419101670273,-0.033063144671839274,0.0787497314478501,-0.7565505699140388,-0.05985829130121252,0.0955478671094308,-0.8878138710168219,-0.09403882828318251,0.10819749326109651,-1.0,-0.12027601619781869,-0.012650189512609487,-0.5137440956252085,-0.037579938823734185,-0.030635004762210778,-0.679752521975805,-0.0710393360725932,-0.045519242337476305,-0.7928651382711088,-0.0968318108822104,-0.054438815440258734,-0.8948561644946352,-0.11486545745361783
open,0.0,0.0,0.0,0.10738998386733567,-0.04181135283646779,-0.06110785361066537,0.20013506344209422,-0.16712753689020335,-0.08432416840723335,0.2698935650359693,-0.27865546240476163,-0.10210082939584428,0.33234453569504235,-0.34921347926797347,-0.12160695692061685,0.11693737866586364,-0.4649487191604024,-0.06170698775674889,0.1438612251323915,-0.6679339209009446,-0.09188659039211519,0.15704422450834843,-0.7954930527431183,-0.11727321720492168,0.16601408431531156,-0.9073565030362173,-0.14024613557988275,0.04461130726914386,-0.5063781637446272,-0.06263347350211683,0.05550628371465647,-0.7326795807519612,-0.09183238029130232,0.061203071427029465,-0.8788138141510464,-0.12292928309325352,0.06055809505160605,-1.0,-0.1496804687143393,-0.022922718933811842,-0.4850684620383353,-0.06994779919528109,-0.033426317297662066,-0.7014695617721178,-0.1085823124060202,-0.040015324925267,-0.8472029939862533,-0.14575382263603706,-0.046874347294343574,-0.9687639857153854,-0.17442927603760758,-0.0892056062262384,-0.41615925461975817,-0.08220775498426101,-0.14534861136633098,-0.5707325078154907,-0.12908662692572026,-0.18145897113854545,-0.6767950645741126,-0.1601841605304535,-0.20661635176005347,-0.7742025087509479,-0.18200294344492499
open,0.0,0.0,0.0,0.10553296655232063,-0.05143104088476934,-0.05527032433985868,0.19432386739435567,-0.18392147785541738,-0.07363119441498442,0.25888237004163567,-0.30130339511755533,-0.08854299844935751,0.3168637312337826,-0.3734453774060759,-0.10535442481071519,0.10329877948150215,-0.46831751921391795,-0.04685751972766795,0.12115116075422085,-0.6681274016148148,-0.07351502395590559,0.12657717343698943,-0.7913862212204632,-0.09659663863697325,0.12719813025345147,-0.9010047063845708,-0.11813233033420349,0.033010872631857105,-0.5030711122755415,-0.04928059963786144,0.033125934628867454,-0.7320047270637483,-0.07756011095945678,0.029194346872525152,-0.8770575645431113,-0.10951594576023034,0.018517712914938693,-1.0,-0.13604738514256476,-0.033824738191253756,-0.47721479897895014,-0.05803878104193108,-0.05236091335966094,-0.6966007393405653,-0.09698509099169376,-0.06448763376093439,-0.8362823694092671,-0.134540076616031,-0.07713667602608426,-0.9589862856348295,-0.16237135131724506,-0.09836772236957499,-0.40722977484664064,-0.07105578274216652,-0.15202530011973933,-0.5535569802745722,-0.11633064335669571,-0.18784059995636657,-0.649523374030609,-0.1454600634264227,-0.21547048890554854,-0.7424747146173547,-0.16551949262079138
open,0.0,0.0,0.0,0.1091623829637338,-0.03876841446664383,-0.06780520663217195,0.2120354570264178,-0.13666875837702333,-0.09018609440876067,0.2894299313147483,-0.2405026974764383,-0.10664122514680555,0.35302764700105443,-0.30567438294160254,-0.12198806445872658,0.13964229908630219,-0.4832273953503169,-0.03658966063467738,0.17582539182683773,-0.6764888682125652,-0.05748355112487993,0.18882219801104627,-0.7967982538444975,-0.07993536407756194,0.1944114909130477,-0.903648728213976,-0.10050613617918679,0.07304280229556374,-0.5346951120832467,-0.028527328592986723,0.08651496925370203,-0.7554810572650664,-0.04630573977048902,0.08846482445539838,-0.8875180450361685,-0.07179726745022588,0.08471415417826444,-1.0,-0.09353807802564294,0.00939333176262945,-0.5293105332293779,-0.02930889233513186,0.00575954214135505,-0.7396447657983687,-0.054692629236199185,0.004919131034972444,-0.86607978130638,-0.08351368149407065,0.001991236025615076,-0.9770509327629618,-0.10592543919240237,-0.05686785662086267,-0.4809187142297934,-0.03717141997902071,-0.09594610856576138,-0.6343219239063129,-0.0708733094401202,-0.12072849614939331,-0.7383859357760392,-0.09475939587002247,-0.13819166491076726,-0.8348289600295821,-0.11095863404790145
open,0.0,0.0,0.0,0.08921852179192033,-0.13534176452974683,-0.06748981636654935,0.1421539975600426,-0.32230002003146485,-0.08884748178977407,0.1702318178822981,-0.4873271655718435,-0.10460965846992552,0.20118925721420544,-0.6106245047639691,-0.11980940270967333,-0.03009982511116805,-0.5678624256097509,-0.04191336628639608,-0.0625582537913138,-0.7768990393339248,-0.06445916647105396,-0.08733609037337357,-0.8985518687207744,-0.08651972168800064,-0.11481592706485536,-1.0,-0.10666387724224781,-0.10220937080039572,-0.5465911369703763,-0.03552494140861049,-0.159134035498124,-0.7650791593714089,-0.05527200702377327,-0.19608041136537294,-0.8943145067166807,-0.08033526045820465,-0.23321131353452731,-0.9999691907957009,-0.10234205032441047,-0.15394635755715244,-0.47743170964441023,-0.03805973854096431,-0.22404793254341165,-0.6631413700622905,-0.06869663811644418,-0.2652218575187232,-0.7867221320057088,-0.10127167716793294,-0.3045128028690057,-0.8914922849257142,-0.12629164284801433,-0.19547475284384855,-0.3721251915022294,-0.04720326075226261,-0.28598188879280656,-0.47177586336764776,-0.08774784811230961,-0.34672689482362606,-0.540579504686672,-0.11621336005877045,-0.39836114768562025,-0.6067520838150697,-0.13571200933281896
open,0.0,0.0,0.0,0.1301309007620449,0.18632748468600438,-0.09027518175278468,0.29728126655964976,0.305127061653776,-0.12711515120572062,0.43386469837636316,0.4131094987368117,-0.15840961594191566,0.5502438277863537,0.49685640524455743,-0.19053916896970555,0.4694537254877707,-0.10593109659275358,-0.07231899469590232,0.6365007939420648,-0.17496267149826283,-0.11633094146132036,0.7369330505574043,-0.21876679815475417,-0.15391032579862712,0.8187902078329389,-0.26800475983630856,-0.1854616110873353,0.44095510697459717,-0.29227871439153064,-0.07535675902031598,0.6189751166569137,-0.42983853638323233,-0.11222633599203527,0.7312967001038632,-0.5078859297306992,-0.15275530359364597,0.8222956064679138,-0.5861178108174294,-0.18703029967558432,0.3695551937443655,-0.4259024470416891,-0.09069325636662696,0.52314136827003,-0.5894991210514591,-0.14101684351885868,0.6262493550495492,-0.6833400860407655,-0.19120714749070075,0.7185530976636246,-0.7682089201269412,-0.23016809267323507,0.2675041295909254,-0.5172612492451728,-0.11480184470513329,0.342605903791881,-0.7264752143617257,-0.17743080189805627,0.3943645838281627,-0.871821945382418,-0.219088909798645,0.44874201600358765,-1.0,-0.2482404727927205
open,0.0,0.0,0.0,-0.06666581729027513,-0.14513512285860208,-0.14921396486331198,-0.15411240351730457,-0.18767824440547162,-0.22924538440391753,-0.24152010307736452,-0.18222990107719392,-0.2857062213203267,-0.32596521471311946,-0.19223507488730068,-0.3420946027375961,-0.22272355125007895,0.2516144614085836,-0.18999565057262804,-0.285650598311809,0.4374960531694849,-0.2645262824089539,-0.31191549517351097,0.5769252500767208,-0.3202438411239435,-0.3253257450785101,0.7098073060402849,-0.3621999235636775,-0.1727957297786562,0.384360026278967,-0.15474314205024384,-0.22542490053987102,0.624882149025673,-0.22362501465929546,-0.2395648016946167,0.7863114500738404,-0.2759384943734175,-0.24179430393420065,0.9292302544916317,-0.3149959413917186,-0.11203835931501856,0.44967721850650827,-0.12914488563532864,-0.1526111122805424,0.6940543283297678,-0.1964538285716376,-0.15756877456036464,0.8576420055770793,-0.2475759886539754,-0.15580713099488933,1.0,-0.28303580964236147,-0.04132589131896706,0.46134144598575483,-0.11411426100023736,-0.028811696577640943,0.6694622228771038,-0.18222808039105723,-0.004696534433534266,0.7979586161664394,-0.22520752751349926,0.014553030445712108,0.9110920062972027,-0.25335470246915626
open,0.0,0.0,0.0,0.10790032371125148,-0.1136068701377566,-0.031095218369506607,0.17621702520357468,-0.28783508736697316,-0.032232867275088437,0.20549472355441648,-0.4593232346898604,-0.035053705609131035,0.22684404640658196,-0.5831023842425459,-0.037840398163931636,0.0945412974907995,-0.5449351382108378,0.01040047471983196,0.10323655466671768,-0.735448533736259,-0.010818704549219746,0.10176232166793378,-0.8068794617882058,-0.035587043206017285,0.09628720248768351,-0.876760369199775,-0.05536661901437895,0.030971484401771724,-0.5690367239337532,0.00442941773176911,0.03142222562243888,-0.7800193174808857,-0.011460638225868706,0.02950418465726613,-0.8943818326423987,-0.036449100234822965,0.026341744088006106,-1.0,-0.058107620327712634,-0.028593617262049915,-0.5454520242711716,-0.010004920054287398,-0.042921864615060944,-0.7511478121996586,-0.03363335973537364,-0.04808905167426137,-0.8765670350057617,-0.059529191474855414,-0.04958225150658819,-0.9951694343898976,-0.08019155932463809,-0.0899562647132422,-0.4831832722091261,-0.028767594909764906,-0.12718345709590684,-0.6307602193777285,-0.05403061777276858,-0.14900288646517196,-0.7271424154182824,-0.07040468815884725,-0.16496594736145845,-0.8231532440457691,-0.08329176497133539
open,0.0,0.0,0.0,0.11771129686160464,-0.08022970102544123,-0.03815242624429499,0.19770177864221306,-0.2540900145737861,-0.04128187458091559,0.24797978742187002,-0.4083561499065844,-0.04466015200436372,0.2865872881431347,-0.5178140932097804,-0.049917581373209834,0.10902289390834485,-0.5270978851133648,-0.009297603667516698,0.11941468742975271,-0.7222242261009943,-0.027646114342102856,0.12236967435062612,-0.8119113280659463,-0.049875906911162206,0.12406748331191698,-0.8943413406398323,-0.07020700203769803,0.03793723398838404,-0.5522933637801212,-0.014943283817116399,0.0384193057881737,-0.7669835527422619,-0.032156388368985246,0.035984935348405744,-0.8899144418653794,-0.05926556504669384,0.030905409825007675,-1.0,-0.08370025358539598,-0.029325709771081978,-0.5265467804212186,-0.027810080625616785,-0.047151466432927225,-0.7396782266834824,-0.055023264096667496,-0.059022754368173426,-0.8633527332786511,-0.08415753067642258,-0.0692036579323822,-0.9745174898334453,-0.10729601608212667,-0.09589195315009831,-0.46217768919053903,-0.045085387512629846,-0.14289084688615053,-0.628334332142573,-0.07901810161056293,-0.17106018988942467,-0.7359387080591611,-0.10234190557884318,-0.19040108952965853,-0.8371553035243582,-0.11970986516506077
open,0.0,0.0,0.0,0.09474992680023947,-0.07515128966569178,-0.10146174990585288,0.14915890383423916,-0.223410023690421,-0.15203416245325854,0.18206422105439357,-0.3792836229884,-0.18793352841530894,0.2265522573134007,-0.5119849911315507,-0.22405628210582226,-0.01810982106512314,-0.5263068878840941,-0.09715103081335226,-0.06642714973457357,-0.7399892251345944,-0.13479375728278628,-0.11245355668970913,-0.8803133838076381,-0.1690939958765566,-0.1595116404601944,-0.9928477606969628,-0.19771636506148663,-0.09148411142806331,-0.5105378915229191,-0.0778486817934104,-0.15858821742514856,-0.733952443931422,-0.11353986280296267,-0.218274544476279,-0.8880596689959954,-0.15364945603873,-0.27403900166848427,-1.0,-0.18437295445951377,-0.14708666694884065,-0.44423449771900664,-0.06623449034115675,-0.21321413747341772,-0.6588125631516673,-0.1048316169304973,-0.26892381459497844,-0.7872233192751473,-0.14718812928806257,-0.3180794786539744,-0.8905194596403258,-0.17733108088703972,-0.1860753589139716,-0.3308597823532926,-0.06214435574417173,-0.2630577312272007,-0.45274500408368445,-0.10629313005533193,-0.3187660148970439,-0.5172844621946969,-0.1368200211478486,-0.36420586576984115,-0.5771588181369586,-0.15617849470161554
open,0.0,0.0,0.0,0.09056761727094385,-0.10638827003112843,-0.1090572103277404,0.15136675875786904,-0.26456221295065996,-0.15854740359438135,0.19964491308969035,-0.42004339791631723,-0.19509433662575373,0.2561576616313284,-0.5451276677183481,-0.23171664864963787,-0.020254035638024945,-0.527243557653033,-0.10200704061106852,-0.054616664538614176,-0.7492969711245885,-0.14638509914823017,-0.08493218976888345,-0.8872688416439705,-0.18112114204862,-0.11918385849577766,-1.0,-0.20888494214604392,-0.09678598043325713,-0.5136053608836104,-0.08033704262715602,-0.15982793852289615,-0.743691472725006,-0.12141332724416436,-0.20805068454029796,-0.8814515428093466,-0.1581876263559016,-0.2556270480710909,-0.9905383484748036,-0.1872953831108175,-0.15155372593282088,-0.44735273499961636,-0.06884901322744698,-0.22760486723285064,-0.6411982923616839,-0.1187529476268736,-0.28306442716595015,-0.7505630367545886,-0.1592170224045567,-0.33392969043762305,-0.8371969507914597,-0.18751705225470952,-0.19011066375356736,-0.3472061541699027,-0.06651997999559268,-0.27382322465336967,-0.43809445064917085,-0.11991324761265548,-0.33409232675948136,-0.49415790379150054,-0.15457092399321787,-0.3873184722779356,-0.5465133779858317,-0.17769359591994224
open,0.0,0.0,0.0,0.09979025570138574,-0.05179282339499706,-0.07173596057239627,0.18880989411868032,-0.17824439893060823,-0.09458125222674076,0.24728353912251877,-0.328901772883428,-0.10974519087702346,0.2959657023715061,-0.4382414612078644,-0.12465642593398309,0.10987304371282122,-0.4673822670936292,-0.042378848567575025,0.11749961476375771,-0.6515851341112165,-0.07277113477537142,0.10970187678497798,-0.7603905501944961,-0.1031929973889671,0.09638405280667287,-0.8649379755422884,-0.12784229171900413,0.042065394871732616,-0.5023369312533043,-0.03254893605935733,0.038821569764497195,-0.732025243675755,-0.05688166918608896,0.03055054606170318,-0.8726413409167807,-0.08953694168073975,0.02139826876698035,-1.0,-0.11865361695001468,-0.01920743326054787,-0.49265395428167397,-0.03174070070122737,-0.02924077445352255,-0.7120778469970005,-0.06457430896392985,-0.036883279773323646,-0.840103816820151,-0.09528715772603001,-0.042793249510226734,-0.9563536031776473,-0.11942056429376889,-0.07743997760097063,-0.4476812508856324,-0.03784550165217442,-0.10589105727731021,-0.6018442904511175,-0.0737016612998905,-0.1245906173334115,-0.6987318851232797,-0.0952725196972913,-0.13554808288930786,-0.7957449937783636,-0.11143805676972728
open,0.0,0.0,0.0,0.10729011890536932,-0.05581838053448355,-0.06289770457633231,0.20129480399824434,-0.1705080366501586,-0.08485954758468914,0.2707971869548513,-0.28719780964447755,-0.10103209372377722,0.33100871243253055,-0.3743976087126812,-0.11712173684602854,0.12065214553131913,-0.4580865722602216,-0.048995561065521664,0.15079614250739506,-0.641931487977042,-0.0727940812451169,0.1651184390981445,-0.7539222732150207,-0.0934302880730678,0.17270081678277854,-0.8543133193161854,-0.11227644873395436,0.05279159667418089,-0.5094819664956177,-0.04558112322693107,0.06443749665838984,-0.7430982539076634,-0.06583710533082127,0.07257958627446835,-0.880665816602487,-0.09019266415372898,0.075011345932188,-1.0,-0.11285035862300669,-0.011689667306183501,-0.502477329894946,-0.049746968738231624,-0.01940129536352367,-0.7300949452473289,-0.08211255752061726,-0.020912760039440325,-0.8688381330253042,-0.11365029346937966,-0.022923383562137786,-0.9900554924880604,-0.13869002754559698,-0.0733944417987872,-0.45181559782804664,-0.05956856716559217,-0.112958422287514,-0.6150177245220099,-0.09990399721683227,-0.13988664014930624,-0.7245396970853699,-0.12685224919724142,-0.15916801056383997,-0.8289254438590842,-0.14646781948420334
open,0.0,0.0,0.0,0.09273283375555223,-0.13287690957636844,-0.059917072385245664,0.152182170994348,-0.29682631163260154,-0.07826798800922556,0.17816065426365646,-0.44826157838651337,-0.09264644295226714,0.19829177723099176,-0.5707199780036103,-0.10753310249350191,0.00284771364922305,-0.5307951615785228,-0.03993874643239361,-0.017220668830216564,-0.7311074948929476,-0.06887792939904236,-0.035348349777289546,-0.853314999020843,-0.09639670743100551,-0.05592696395755034,-0.9630486440494519,-0.12021534608138583,-0.06990905387443946,-0.5315908492067931,-0.03786300995693157,-0.11500118751659691,-0.7497858498998295,-0.06664689941590153,-0.14357163719209598,-0.8855095758832743,-0.09838090028409963,-0.1731199146516685,-1.0,-0.12499162357060056,-0.1276787870455913,-0.4807944487694839,-0.04362646150258237,-0.18568967896709218,-0.6861685570395608,-0.08024146380334385,-0.21889258984658855,-0.8174255789978343,-0.11452090741086077,-0.24869262680631876,-0.9306600302649746,-0.14048418741045932,-0.17450668546754508,-0.3898693917838074,-0.05515844065825159,-0.2544762164534869,-0.5086610618275939,-0.09707394248030116,-0.30738612061440085,-0.5902749385879289,-0.12453692118930994,-0.3511871560384845,-0.6694217317564336,-0.1437843935667966
open,0.0,0.0,0.0,0.002337816293906551,-0.31677897692242274,-0.11070630053928329,-0.10715846144291069,-0.6006740130175878,-0.14339541657941246,-0.20461324321101654,-0.8233605909050874,-0.16315702986525513,-0.27693698672943545,-1.0,-0.18531586244164208,-0.4270537152408613,-0.4798766668275272,-0.07828424100384719,-0.6170038859730806,-0.5772130754110764,-0.12019662580369156,-0.7491661940034785,-0.622000770832328,-0.16928746780924925,-0.867551280800021,-0.6458105522660891,-0.21307790431631843,-0.4777454084946069,-0.2978409986282128,-0.06547981822893305,-0.7017703391424198,-0.3455845611936345,-0.10170030175634141,-0.8577509224776828,-0.3752114000085263,-0.1614457447674436,-0.986116091416992,-0.3698965089432348,-0.21304095327196182,-0.4689796253131642,-0.1064692135584256,-0.06357278186282968,-0.6751286361612983,-0.12122561041718649,-0.11172202821300785,-0.8129149418337542,-0.12380666521098668,-0.17348047809992576,-0.9285804479959766,-0.11442921510788082,-0.2217049046770645,-0.4146422219187752,0.08528322677943354,-0.07153632703366901,-0.5583337426982464,0.15035104033149685,-0.1355739679210221,-0.6622659938510865,0.20020649303967838,-0.18186115619865764,-0.7559178477114914,0.234482995919263,-0.214272632208395
open,0.0,0.0,0.0,0.11940976256944467,0.03755679202579402,-0.07587278543516153,0.23542710440519724,-0.037288638178091374,-0.1068671154989907,0.324359992422137,-0.12492415272993734,-0.13080142894124716,0.4029290697990127,-0.17878707821825038,-0.1570039437453835,0.19955740887116383,-0.40050500782649257,-0.08475449980616381,0.2537055719562937,-0.5953727750323448,-0.1283643730233907,0.2826485698919056,-0.7190342556625764,-0.1634267470116743,0.30387337403129805,-0.8332819803970081,-0.19235878160382572,0.13036288628721016,-0.4806735512141817,-0.08286932906476877,0.1719233769446874,-0.7102807409099964,-0.12492887111656975,0.19541002370675256,-0.857240641995089,-0.16426812165554677,0.20984830851054417,-0.9895714389001238,-0.19727411561095026,0.05587941801768107,-0.49302052581949374,-0.0880909407548122,0.07462951907110775,-0.7220391651049781,-0.1394520503321145,0.08136204155682986,-0.8700689359783451,-0.1816943274860473,0.08590197161718124,-1.0,-0.2126572308875133,-0.023148937650112004,-0.45667423944521746,-0.0991498273702744,-0.05360087297957973,-0.6390423460380498,-0.15433565661393106,-0.07523767003287707,-0.7641635720166969,-0.18832129680759976,-0.08942427460418326,-0.8801075452513432,-0.21192137127444188
open,0.0,0.0,0.0,0.12443817361032186,0.017858479347365095,-0.07239130684825924,0.24140532287865782,-0.07503133107078189,-0.10131448493378836,0.3306381990509357,-0.17365251755818154,-0.12399230127288403,0.40632587331991077,-0.24427054891666414,-0.1494564577271154,0.1928490161165981,-0.4283691180515323,-0.07775405773937372,0.23254160972558324,-0.6324249401791376,-0.1202249209600384,0.25222928769053127,-0.7592903670316749,-0.15617565956943474,0.2680261071210003,-0.8794539169151439,-0.18650475593176574,0.11829562054924006,-0.49476927426798945,-0.07778210478418154,0.1449363476456806,-0.7254125398818583,-0.12146905860792737,0.15631201342130982,-0.8649229682235645,-0.16282494592325578,0.1623436102941471,-0.9904485278785701,-0.19716600168409182,0.04099557807635079,-0.4991317543520852,-0.08472241532136965,0.0492683975524035,-0.7246347685720331,-0.13602136501825365,0.048578020603201266,-0.8721223385529712,-0.17808332754293585,0.046850153244278867,-1.0,-0.20942587124088613,-0.03873079364551369,-0.4568613736021907,-0.09755511256235663,-0.07582565725949149,-0.6305118121755822,-0.15200825755814784,-0.10117541180068726,-0.7523452488421595,-0.1858012505786109,-0.11901487228719435,-0.8643577153589544,-0.20986817525498996
open,0.0,0.0,0.0,0.12406962875513888,0.0036453249502480098,-0.06324398694741622,0.24215184300524376,-0.10324331595917093,-0.07978854534159158,0.3307842484649752,-0.21290777751615178,-0.08977392378290994,0.3946626205519179,-0.30284903419346454,-0.10123135871385593,0.19402271585460723,-0.4460694186358723,-0.03984543161400978,0.22766761670088612,-0.641262486406702,-0.0620203211874374,0.24221602382946483,-0.7621383898292939,-0.08586263130910711,0.25489997801442105,-0.8738648062298867,-0.10825205713906635,0.1246351493358324,-0.5086416380171611,-0.03422174643203837,0.14014955080169325,-0.7382354817049825,-0.05646466859079977,0.14623629971876037,-0.8757656526181528,-0.09068058732416495,0.14846023821077572,-1.0,-0.12012942975553732,0.05339173593850106,-0.5110029818192134,-0.0356860446998745,0.05631400555769472,-0.7297241562874544,-0.07058327843706445,0.05177612955424485,-0.8656010875148933,-0.11154298360056857,0.0441184090988571,-0.9877326377104424,-0.1419965658952088,-0.015573258198981779,-0.47070471748385206,-0.042194194515859686,-0.047263707082219025,-0.6120481045488123,-0.08359573542451648,-0.07119287099825723,-0.7122092093575204,-0.11396842617749284,-0.08930433492967331,-0.8075587215340267,-0.13521202373003005
open,0.0,0.0,0.0,0.12728532570978057,0.013982506746955885,-0.05023139104508967,0.2373731161612426,-0.0865261932267142,-0.059881261050493226,0.31361327496346436,-0.19043074407961688,-0.06532328218008068,0.3716338945705479,-0.25578621361230786,-0.07315037928707263,0.19581979549296671,-0.4209709541386801,-0.04110397764538261,0.24440359879419063,-0.6226167714074273,-0.060413516457763085,0.2706441594238965,-0.7447236305480968,-0.07830770734679482,0.292475650957119,-0.8583260834120302,-0.09740684009411385,0.13278253001208615,-0.49341670368246965,-0.04291317183961566,0.17360792997686156,-0.727577379373773,-0.06607807509658406,0.19727495583643523,-0.8694328674994984,-0.09739989324608268,0.212725699346683,-0.9946235482620008,-0.12492597831990793,0.06588438347200468,-0.503140860692677,-0.05006086550650122,0.08458986149755791,-0.7335589560603689,-0.08621786866486525,0.09771484115078488,-0.8763258434052413,-0.1281310973568732,0.10461054131065774,-1.0,-0.16037688460433994,-0.004001997423128019,-0.46659063273390206,-0.060790365936865265,-0.03850624242401953,-0.6407918371538954,-0.1058898780025187,-0.05802879236947315,-0.7632076267128918,-0.13960700085235006,-0.0703413313348205,-0.8742127075830567,-0.1643239202003979
open,0.0,0.0,0.0,0.12398105656511527,-0.01891179922192775,-0.04847966495757479,0.23437328926714748,-0.12401097289841541,-0.05814828001427965,0.3129927942212923,-0.2438352409179514,-0.06456054087617816,0.3683582301414692,-0.31878301456505914,-0.07305436387547007,0.17625218079753782,-0.45024384218700914,-0.03279591761772139,0.21409049670191338,-0.6548761697630187,-0.051437289950078506,0.2295681071805252,-0.7813160394460953,-0.06905480371434275,0.23933575561643053,-0.8939417499418179,-0.08693804415115698,0.1049330176736069,-0.5088618368821212,-0.03441769236189891,0.1300229179745033,-0.7488959153682748,-0.05569852776278328,0.13976003111848848,-0.8851191481588869,-0.08373818282539713,0.14381854278984732,-1.0,-0.10834685139588882,0.03746088869253382,-0.5087120488960805,-0.0418026058610563,0.03973267314748436,-0.7392069778368799,-0.07347608101523202,0.0445900540777269,-0.8818631507249518,-0.10985749727783332,0.04487848879464824,-0.9995149427614578,-0.138882358232218,-0.03051335327572158,-0.46563142857300055,-0.05361353986136111,-0.08205135540934072,-0.6294712882977207,-0.0938169353376814,-0.10877324327164471,-0.7495900430740181,-0.12430221196266786,-0.1262305585097457,-0.8548893810908967,-0.14677862826378213